time,pos_out[1],pos_out[2],pos_out[3],RPY_out[1],RPY_out[2],RPY_out[3],f_in[1],f_in[2],f_in[3],t_in[1],t_in[2],t_in[3],
0.0,0.0,0.0,0.1,-0.0,-0.0,-0.0,0.0,0.0,0.0,0.0,0.0,0.0,
0.005,0.0,0.0,0.1,-0.0,-0.0,-0.0,0.0,0.0,0.0,0.0,0.0,0.0,
0.01,6.666622222518518e-05,0.0,0.1,-0.0,-0.0,-0.0,0.0,0.0,0.0,0.0,0.0,0.0,
0.015,0.00019999866667555553,0.0,0.1,-0.0,-0.0,-0.0,0.0,0.0,0.0,0.0,0.0,0.0,
0.02,0.0003999973333511111,0.0,0.1,-0.0,-0.0,-0.0,0.0,0.0,0.0,0.0,0.0,0.0,
0.025,0.0006666622222518518,0.0,0.1,-0.0,-0.0,-0.0,0.0,0.0,0.0,0.0,0.0,0.0,
0.03,0.0009999933333777777,0.0,0.1,-0.0,-0.0,-0.0,0.0,0.0,0.0,0.0,0.0,0.0,
0.035,0.0013999906667288892,0.0,0.1,-0.0,-0.0,-0.0,0.0,0.0,0.0,0.0,0.0,0.0,
0.04,0.0018666542223051853,0.0,0.1,-0.0,-0.0,-0.0,0.0,0.0,0.0,0.0,0.0,0.0,
0.045,0.0023999840001066664,0.0,0.1,-0.0,-0.0,-0.0,0.0,0.0,0.0,0.0,0.0,0.0,
0.05,0.0029999800001333336,0.0,0.1,-0.0,-0.0,-0.0,0.0,0.0,0.0,0.0,0.0,0.0,
0.055,0.0036666422223851853,0.0,0.1,-0.0,-0.0,-0.0,0.0,0.0,0.0,0.0,0.0,0.0,
0.06,0.004399970666862222,0.0,0.1,-0.0,-0.0,-0.0,0.0,0.0,0.0,0.0,0.0,0.0,
0.065,0.005199965333564445,0.0,0.1,-0.0,-0.0,-0.0,0.0,0.0,0.0,0.0,0.0,0.0,
0.07,0.006066626222491853,0.0,0.1,-0.0,-0.0,-0.0,0.0,0.0,0.0,0.0,0.0,0.0,
0.075,0.006999953333644444,0.0,0.1,-0.0,-0.0,-0.0,0.0,0.0,0.0,0.0,0.0,0.0,
0.08,0.007999946667022223,0.0,0.1,-0.0,-0.0,-0.0,0.0,0.0,0.0,0.0,0.0,0.0,
0.085,0.009066606222625187,0.0,0.1,-0.0,-0.0,-0.0,0.0,0.0,0.0,0.0,0.0,0.0,
0.09,0.010199932000453334,0.0,0.1,-0.0,-0.0,-0.0,0.0,0.0,0.0,0.0,0.0,0.0,
0.095,0.011399924000506668,0.0,0.1,-0.0,-0.0,-0.0,0.0,0.0,0.0,0.0,0.0,0.0,
0.1,0.012666582222785187,0.0,0.1,-0.0,-0.0,-0.0,0.0,0.0,0.0,0.0,0.0,0.0,
0.105,0.013999906667288889,0.0,0.1,-0.0,-0.0,-0.0,0.0,0.0,0.0,0.0,0.0,0.0,
0.11,0.015399897334017778,0.0,0.1,-0.0,-0.0,-0.0,0.0,0.0,0.0,0.0,0.0,0.0,
0.115,0.01686655422297185,0.0,0.1,-0.0,-0.0,-0.0,0.0,0.0,0.0,0.0,0.0,0.0,
0.12,0.018399877334151108,0.0,0.1,-0.0,-0.0,-0.0,0.0,0.0,0.0,0.0,0.0,0.0,
0.125,0.019999866667555554,0.0,0.1,-0.0,-0.0,-0.0,0.0,0.0,0.0,0.0,0.0,0.0,
0.13,0.021666522223185186,0.0,0.1,-0.0,-0.0,-0.0,0.0,0.0,0.0,0.0,0.0,0.0,
0.135,0.023399844001040004,0.0,0.1,-0.0,-0.0,-0.0,0.0,0.0,0.0,0.0,0.0,0.0,
0.14,0.025199832001120005,0.0,0.1,-0.0,-0.0,-0.0,0.0,0.0,0.0,0.0,0.0,0.0,
0.145,0.027066486223425182,0.0,0.1,-0.0,-0.0,-0.0,0.0,0.0,0.0,0.0,0.0,0.0,
0.15,0.028999806667955555,0.0,0.1,-0.0,-0.0,-0.0,0.0,0.0,0.0,0.0,0.0,0.0,
0.155,0.03099979333471111,0.0,0.1,-0.0,-0.0,-0.0,0.0,0.0,0.0,0.0,0.0,0.0,
0.16,0.033066446223691856,0.0,0.1,-0.0,-0.0,-0.0,0.0,0.0,0.0,0.0,0.0,0.0,
0.165,0.035199765334897784,0.0,0.1,-0.0,-0.0,-0.0,0.0,0.0,0.0,0.0,0.0,0.0,
0.17,0.037399750668328895,0.0,0.1,-0.0,-0.0,-0.0,0.0,0.0,0.0,0.0,0.0,0.0,
0.17500000000000002,0.039666402223985195,0.0,0.1,-0.0,-0.0,-0.0,0.0,0.0,0.0,0.0,0.0,0.0,
0.18,0.041999720001866664,0.0,0.1,-0.0,-0.0,-0.0,0.0,0.0,0.0,0.0,0.0,0.0,
0.185,0.04439970400197333,0.0,0.1,-0.0,-0.0,-0.0,0.0,0.0,0.0,0.0,0.0,0.0,
0.19,0.046866354224305184,0.0,0.1,-0.0,-0.0,-0.0,0.0,0.0,0.0,0.0,0.0,0.0,
0.195,0.04939967066886222,0.0,0.1,-0.0,-0.0,-0.0,0.0,0.0,0.0,0.0,0.0,0.0,
0.2,0.05199965333564444,0.0,0.1,-0.0,-0.0,-0.0,0.0,0.0,0.0,0.0,0.0,0.0,
0.20500000000000002,0.05466630222465185,0.0,0.1,-0.0,-0.0,-0.0,0.0,0.0,0.0,0.0,0.0,0.0,
0.21,0.05739961733588443,0.0,0.1,-0.0,-0.0,-0.0,0.0,0.0,0.0,0.0,0.0,0.0,
0.215,0.060199598669342214,0.0,0.1,-0.0,-0.0,-0.0,0.0,0.0,0.0,0.0,0.0,0.0,
0.22,0.06306624622502517,0.0,0.1,-0.0,-0.0,-0.0,0.0,0.0,0.0,0.0,0.0,0.0,
0.225,0.06599956000293332,0.0,0.1,-0.0,-0.0,-0.0,0.0,0.0,0.0,0.0,0.0,0.0,
0.23,0.06899954000306666,0.0,0.1,-0.0,-0.0,-0.0,0.0,0.0,0.0,0.0,0.0,0.0,
0.23500000000000001,0.07206618622542517,0.0,0.1,-0.0,-0.0,-0.0,0.0,0.0,0.0,0.0,0.0,0.0,
0.24,0.07519949867000886,0.0,0.1,-0.0,-0.0,-0.0,0.0,0.0,0.0,0.0,0.0,0.0,
0.245,0.07839947733681775,0.0,0.1,-0.0,-0.0,-0.0,0.0,0.0,0.0,0.0,0.0,0.0,
0.25,0.08166612222585182,0.0,0.1,-0.0,-0.0,-0.0,0.0,0.0,0.0,0.0,0.0,0.0,
0.255,0.08499943333711107,0.0,0.1,-0.0,-0.0,-0.0,0.0,0.0,0.0,0.0,0.0,0.0,
0.26,0.08839941067059552,0.0,0.1,-0.0,-0.0,-0.0,0.0,0.0,0.0,0.0,0.0,0.0,
0.265,0.09186605422630514,0.0,0.1,-0.0,-0.0,-0.0,0.0,0.0,0.0,0.0,0.0,0.0,
0.27,0.09539936400423996,0.0,0.1,-0.0,-0.0,-0.0,0.0,0.0,0.0,0.0,0.0,0.0,
0.275,0.09899934000439996,0.0,0.1,-0.0,-0.0,-0.0,0.0,0.0,0.0,0.0,0.0,0.0,
0.28,0.10266598222678514,0.0,0.1,-0.0,-0.0,-0.0,0.0,0.0,0.0,0.0,0.0,0.0,
0.28500000000000003,0.1063992906713955,0.0,0.1,-0.0,-0.0,-0.0,0.0,0.0,0.0,0.0,0.0,0.0,
0.29,0.11019926533823102,0.0,0.1,-0.0,-0.0,-0.0,0.0,0.0,0.0,0.0,0.0,0.0,
0.295,0.11406590622729176,0.0,0.1,-0.0,-0.0,-0.0,0.0,0.0,0.0,0.0,0.0,0.0,
0.3,0.11799921333857769,0.0,0.1,-0.0,-0.0,-0.0,0.0,0.0,0.0,0.0,0.0,0.0,
0.305,0.1219991866720888,0.0,0.1,-0.0,-0.0,-0.0,0.0,0.0,0.0,0.0,0.0,0.0,
0.31,0.12606582622782508,0.0,0.1,-0.0,-0.0,-0.0,0.0,0.0,0.0,0.0,0.0,0.0,
0.315,0.13019913200578656,0.0,0.1,-0.0,-0.0,-0.0,0.0,0.0,0.0,0.0,0.0,0.0,
0.32,0.1343991040059732,0.0,0.1,-0.0,-0.0,-0.0,0.0,0.0,0.0,0.0,0.0,0.0,
0.325,0.13866574222838507,0.0,0.1,-0.0,-0.0,-0.0,0.0,0.0,0.0,0.0,0.0,0.0,
0.33,0.1429990466730221,0.0,0.1,-0.0,-0.0,-0.0,0.0,0.0,0.0,0.0,0.0,0.0,
0.335,0.14739901733988434,0.0,0.1,-0.0,-0.0,-0.0,0.0,0.0,0.0,0.0,0.0,0.0,
0.34,0.15186565422897175,0.0,0.1,-0.0,-0.0,-0.0,0.0,0.0,0.0,0.0,0.0,0.0,
0.34500000000000003,0.15639895734028433,0.0,0.1,-0.0,-0.0,-0.0,0.0,0.0,0.0,0.0,0.0,0.0,
0.35000000000000003,0.16099892667382212,0.0,0.1,-0.0,-0.0,-0.0,0.0,0.0,0.0,0.0,0.0,0.0,
0.355,0.16566556222958503,0.0,0.1,-0.0,-0.0,-0.0,0.0,0.0,0.0,0.0,0.0,0.0,
0.36,0.17039886400757318,0.0,0.1,-0.0,-0.0,-0.0,0.0,0.0,0.0,0.0,0.0,0.0,
0.365,0.17519883200778652,0.0,0.1,-0.0,-0.0,-0.0,0.0,0.0,0.0,0.0,0.0,0.0,
0.37,0.18006546623022504,0.0,0.1,-0.0,-0.0,-0.0,0.0,0.0,0.0,0.0,0.0,0.0,
0.375,0.18499876667488874,0.0,0.1,-0.0,-0.0,-0.0,0.0,0.0,0.0,0.0,0.0,0.0,
0.38,0.18999873334177764,0.0,0.1,-0.0,-0.0,-0.0,0.0,0.0,0.0,0.0,0.0,0.0,
0.385,0.1950653662308917,0.0,0.1,-0.0,-0.0,-0.0,0.0,0.0,0.0,0.0,0.0,0.0,
0.39,0.20019866534223096,0.0,0.1,-0.0,-0.0,-0.0,0.0,0.0,0.0,0.0,0.0,0.0,
0.395,0.20539863067579542,0.0,0.1,-0.0,-0.0,-0.0,0.0,0.0,0.0,0.0,0.0,0.0,
0.4,0.21066526223158505,0.0,0.1,-0.0,-0.0,-0.0,0.0,0.0,0.0,0.0,0.0,0.0,
0.405,0.21599856000959988,0.0,0.1,-0.0,-0.0,-0.0,0.0,0.0,0.0,0.0,0.0,0.0,
0.41000000000000003,0.2213985240098399,0.0,0.1,-0.0,-0.0,-0.0,0.0,0.0,0.0,0.0,0.0,0.0,
0.41500000000000004,0.22686515423230508,0.0,0.1,-0.0,-0.0,-0.0,0.0,0.0,0.0,0.0,0.0,0.0,
0.42,0.23239845067699538,0.0,0.1,-0.0,-0.0,-0.0,0.0,0.0,0.0,0.0,0.0,0.0,
0.425,0.23799841334391095,0.0,0.1,-0.0,-0.0,-0.0,0.0,0.0,0.0,0.0,0.0,0.0,
0.43,0.2436650422330517,0.0,0.1,-0.0,-0.0,-0.0,0.0,0.0,0.0,0.0,0.0,0.0,
0.435,0.24939833734441763,0.0,0.1,-0.0,-0.0,-0.0,0.0,0.0,0.0,0.0,0.0,0.0,
0.44,0.25519829867800875,0.0,0.1,-0.0,-0.0,-0.0,0.0,0.0,0.0,0.0,0.0,0.0,
0.445,0.26106492623382505,0.0,0.1,-0.0,-0.0,-0.0,0.0,0.0,0.0,0.0,0.0,0.0,
0.45,0.2669982200118665,0.0,0.1,-0.0,-0.0,-0.0,0.0,0.0,0.0,0.0,0.0,0.0,
0.455,0.2729981800121332,0.0,0.1,-0.0,-0.0,-0.0,0.0,0.0,0.0,0.0,0.0,0.0,
0.46,0.2790648062346251,0.0,0.1,-0.0,-0.0,-0.0,0.0,0.0,0.0,0.0,0.0,0.0,
0.465,0.28519809867934215,0.0,0.1,-0.0,-0.0,-0.0,0.0,0.0,0.0,0.0,0.0,0.0,
0.47000000000000003,0.2913980573462844,0.0,0.1,-0.0,-0.0,-0.0,0.0,0.0,0.0,0.0,0.0,0.0,
0.47500000000000003,0.2976646822354518,0.0,0.1,-0.0,-0.0,-0.0,0.0,0.0,0.0,0.0,0.0,0.0,
0.48,0.3039979733468443,0.0,0.1,-0.0,-0.0,-0.0,0.0,0.0,0.0,0.0,0.0,0.0,
0.485,0.3103979306804621,0.0,0.1,-0.0,-0.0,-0.0,0.0,0.0,0.0,0.0,0.0,0.0,
0.49,0.3168645542363051,0.0,0.1,-0.0,-0.0,-0.0,0.0,0.0,0.0,0.0,0.0,0.0,
0.495,0.32339784401437327,0.0,0.1,-0.0,-0.0,-0.0,0.0,0.0,0.0,0.0,0.0,0.0,
0.5,0.3299978000146666,0.0,0.1,-0.0,-0.0,-0.0,0.0,0.0,0.0,0.0,0.0,0.0,
0.505,0.3366644222371851,0.0,0.1,-0.0,-0.0,-0.0,0.0,0.0,0.0,0.0,0.0,0.0,
0.51,0.3433977106819288,0.0,0.1,-0.0,-0.0,-0.0,0.0,0.0,0.0,0.0,0.0,0.0,
0.515,0.35019766534889774,0.0,0.1,-0.0,-0.0,-0.0,0.0,0.0,0.0,0.0,0.0,0.0,
0.52,0.35706428623809183,0.0,0.1,-0.0,-0.0,-0.0,0.0,0.0,0.0,0.0,0.0,0.0,
0.525,0.3639975733495111,0.0,0.1,-0.0,-0.0,-0.0,0.0,0.0,0.0,0.0,0.0,0.0,
0.53,0.37099752668315555,0.0,0.1,-0.0,-0.0,-0.0,0.0,0.0,0.0,0.0,0.0,0.0,
0.535,0.3780641462390252,0.0,0.1,-0.0,-0.0,-0.0,0.0,0.0,0.0,0.0,0.0,0.0,
0.54,0.38519743201712003,0.0,0.1,-0.0,-0.0,-0.0,0.0,0.0,0.0,0.0,0.0,0.0,
0.545,0.39239738401744007,0.0,0.1,-0.0,-0.0,-0.0,0.0,0.0,0.0,0.0,0.0,0.0,
0.55,0.39966400223998527,0.0,0.1,-0.0,-0.0,-0.0,0.0,0.0,0.0,0.0,0.0,0.0,
0.555,0.40699728668475565,0.0,0.1,-0.0,-0.0,-0.0,0.0,0.0,0.0,0.0,0.0,0.0,
0.56,0.4143972373517512,0.0,0.1,-0.0,-0.0,-0.0,0.0,0.0,0.0,0.0,0.0,0.0,
0.5650000000000001,0.42186385424097195,0.0,0.1,-0.0,-0.0,-0.0,0.0,0.0,0.0,0.0,0.0,0.0,
0.5700000000000001,0.4293971373524179,0.0,0.1,-0.0,-0.0,-0.0,0.0,0.0,0.0,0.0,0.0,0.0,
0.5750000000000001,0.43699708668608905,0.0,0.1,-0.0,-0.0,-0.0,0.0,0.0,0.0,0.0,0.0,0.0,
0.58,0.4446637022419852,0.0,0.1,-0.0,-0.0,-0.0,0.0,0.0,0.0,0.0,0.0,0.0,
0.585,0.4523969840201067,0.0,0.1,-0.0,-0.0,-0.0,0.0,0.0,0.0,0.0,0.0,0.0,
0.59,0.46019693202045336,0.0,0.1,-0.0,-0.0,-0.0,0.0,0.0,0.0,0.0,0.0,0.0,
0.595,0.4680635462430252,0.0,0.1,-0.0,-0.0,-0.0,0.0,0.0,0.0,0.0,0.0,0.0,
0.6,0.4759968266878223,0.0,0.1,-0.0,-0.0,-0.0,0.0,0.0,0.0,0.0,0.0,0.0,
0.605,0.48399677335484453,0.0,0.1,-0.0,-0.0,-0.0,0.0,0.0,0.0,0.0,0.0,0.0,
0.61,0.49206338624409196,0.0,0.1,-0.0,-0.0,-0.0,0.0,0.0,0.0,0.0,0.0,0.0,
0.615,0.5001966653555646,0.0,0.1,-0.0,-0.0,-0.0,0.0,0.0,0.0,0.0,0.0,0.0,
0.62,0.5083966106892625,0.0,0.1,-0.0,-0.0,-0.0,0.0,0.0,0.0,0.0,0.0,0.0,
0.625,0.5166632222451855,0.0,0.1,-0.0,-0.0,-0.0,0.0,0.0,0.0,0.0,0.0,0.0,
0.63,0.5249965000233336,0.0,0.1,-0.0,-0.0,-0.0,0.0,0.0,0.0,0.0,0.0,0.0,
0.635,0.533396444023707,0.0,0.1,-0.0,-0.0,-0.0,0.0,0.0,0.0,0.0,0.0,0.0,
0.64,0.5418630542463055,0.0,0.1,-0.0,-0.0,-0.0,0.0,0.0,0.0,0.0,0.0,0.0,
0.645,0.5503963306911293,0.0,0.1,-0.0,-0.0,-0.0,0.0,0.0,0.0,0.0,0.0,0.0,
0.65,0.5589962733581781,0.0,0.1,-0.0,-0.0,-0.0,0.0,0.0,0.0,0.0,0.0,0.0,
0.655,0.5676628822474522,0.0,0.1,-0.0,-0.0,-0.0,0.0,0.0,0.0,0.0,0.0,0.0,
0.66,0.5763961573589514,0.0,0.1,-0.0,-0.0,-0.0,0.0,0.0,0.0,0.0,0.0,0.0,
0.665,0.5851960986926759,0.0,0.1,-0.0,-0.0,-0.0,0.0,0.0,0.0,0.0,0.0,0.0,
0.67,0.5940627062486256,0.0,0.1,-0.0,-0.0,-0.0,0.0,0.0,0.0,0.0,0.0,0.0,
0.675,0.6029959800268004,0.0,0.1,-0.0,-0.0,-0.0,0.0,0.0,0.0,0.0,0.0,0.0,
0.68,0.6119959200272005,0.0,0.1,-0.0,-0.0,-0.0,0.0,0.0,0.0,0.0,0.0,0.0,
0.685,0.6210625262498257,0.0,0.1,-0.0,-0.0,-0.0,0.0,0.0,0.0,0.0,0.0,0.0,
0.6900000000000001,0.6301957986946761,0.0,0.1,-0.0,-0.0,-0.0,0.0,0.0,0.0,0.0,0.0,0.0,
0.6950000000000001,0.6393957373617517,0.0,0.1,-0.0,-0.0,-0.0,0.0,0.0,0.0,0.0,0.0,0.0,
0.7000000000000001,0.6486623422510525,0.0,0.1,-0.0,-0.0,-0.0,0.0,0.0,0.0,0.0,0.0,0.0,
0.705,0.6579956133625782,0.0,0.1,-0.0,-0.0,-0.0,0.0,0.0,0.0,0.0,0.0,0.0,
0.71,0.6673955506963293,0.0,0.1,-0.0,-0.0,-0.0,0.0,0.0,0.0,0.0,0.0,0.0,
0.715,0.6768621542523056,0.0,0.1,-0.0,-0.0,-0.0,0.0,0.0,0.0,0.0,0.0,0.0,
0.72,0.686395424030507,0.0,0.1,-0.0,-0.0,-0.0,0.0,0.0,0.0,0.0,0.0,0.0,
0.725,0.6959953600309337,0.0,0.1,-0.0,-0.0,-0.0,0.0,0.0,0.0,0.0,0.0,0.0,
0.73,0.7056619622535856,0.0,0.1,-0.0,-0.0,-0.0,0.0,0.0,0.0,0.0,0.0,0.0,
0.735,0.7153952306984627,0.0,0.1,-0.0,-0.0,-0.0,0.0,0.0,0.0,0.0,0.0,0.0,
0.74,0.7251951653655649,0.0,0.1,-0.0,-0.0,-0.0,0.0,0.0,0.0,0.0,0.0,0.0,
0.745,0.7350617662548924,0.0,0.1,-0.0,-0.0,-0.0,0.0,0.0,0.0,0.0,0.0,0.0,
0.75,0.744995033366445,0.0,0.1,-0.0,-0.0,-0.0,0.0,0.0,0.0,0.0,0.0,0.0,
0.755,0.7549949667002228,0.0,0.1,-0.0,-0.0,-0.0,0.0,0.0,0.0,0.0,0.0,0.0,
0.76,0.7650615662562258,0.0,0.1,-0.0,-0.0,-0.0,0.0,0.0,0.0,0.0,0.0,0.0,
0.765,0.7751948320344539,0.0,0.1,-0.0,-0.0,-0.0,0.0,0.0,0.0,0.0,0.0,0.0,
0.77,0.7853947640349073,0.0,0.1,-0.0,-0.0,-0.0,0.0,0.0,0.0,0.0,0.0,0.0,
0.775,0.7956613622575858,0.0,0.1,-0.0,-0.0,-0.0,0.0,0.0,0.0,0.0,0.0,0.0,
0.78,0.8059946267024894,0.0,0.1,-0.0,-0.0,-0.0,0.0,0.0,0.0,0.0,0.0,0.0,
0.785,0.8163945573696184,0.0,0.1,-0.0,-0.0,-0.0,0.0,0.0,0.0,0.0,0.0,0.0,
0.79,0.8268611542589726,0.0,0.1,-0.0,-0.0,-0.0,0.0,0.0,0.0,0.0,0.0,0.0,
0.795,0.8373944173705519,0.0,0.1,-0.0,-0.0,-0.0,0.0,0.0,0.0,0.0,0.0,0.0,
0.8,0.8479943467043564,0.0,0.1,-0.0,-0.0,-0.0,0.0,0.0,0.0,0.0,0.0,0.0,
0.805,0.858660942260386,0.0,0.1,-0.0,-0.0,-0.0,0.0,0.0,0.0,0.0,0.0,0.0,
0.81,0.8693942040386409,0.0,0.1,-0.0,-0.0,-0.0,0.0,0.0,0.0,0.0,0.0,0.0,
0.8150000000000001,0.8801941320391209,0.0,0.1,-0.0,-0.0,-0.0,0.0,0.0,0.0,0.0,0.0,0.0,
0.8200000000000001,0.8910607262618261,0.0,0.1,-0.0,-0.0,-0.0,0.0,0.0,0.0,0.0,0.0,0.0,
0.8250000000000001,0.9019939867067565,0.0,0.1,-0.0,-0.0,-0.0,0.0,0.0,0.0,0.0,0.0,0.0,
0.8300000000000001,0.912993913373912,0.0,0.1,-0.0,-0.0,-0.0,0.0,0.0,0.0,0.0,0.0,0.0,
0.835,0.9240605062632925,0.0,0.1,-0.0,-0.0,-0.0,0.0,0.0,0.0,0.0,0.0,0.0,
0.84,0.9351937653748985,0.0,0.1,-0.0,-0.0,-0.0,0.0,0.0,0.0,0.0,0.0,0.0,
0.845,0.9463936907087297,0.0,0.1,-0.0,-0.0,-0.0,0.0,0.0,0.0,0.0,0.0,0.0,
0.85,0.9576602822647861,0.0,0.1,-0.0,-0.0,-0.0,0.0,0.0,0.0,0.0,0.0,0.0,
0.855,0.9689935400430676,0.0,0.1,-0.0,-0.0,-0.0,0.0,0.0,0.0,0.0,0.0,0.0,
0.86,0.9803934640435743,0.0,0.1,-0.0,-0.0,-0.0,0.0,0.0,0.0,0.0,0.0,0.0,
0.865,0.9918600542663062,0.0,0.1,-0.0,-0.0,-0.0,0.0,0.0,0.0,0.0,0.0,0.0,
0.87,1.0033933107112634,0.0,0.1,-0.0,-0.0,-0.0,0.0,0.0,0.0,0.0,0.0,0.0,
0.875,1.0149932333784457,0.0,0.1,-0.0,-0.0,-0.0,0.0,0.0,0.0,0.0,0.0,0.0,
0.88,1.0266598222678531,0.0,0.1,-0.0,-0.0,-0.0,0.0,0.0,0.0,0.0,0.0,0.0,
0.885,1.0383930773794858,0.0,0.1,-0.0,-0.0,-0.0,0.0,0.0,0.0,0.0,0.0,0.0,
0.89,1.0501929987133436,0.0,0.1,-0.0,-0.0,-0.0,0.0,0.0,0.0,0.0,0.0,0.0,
0.895,1.0620595862694266,0.0,0.1,-0.0,-0.0,-0.0,0.0,0.0,0.0,0.0,0.0,0.0,
0.9,1.0739928400477348,0.0,0.1,-0.0,-0.0,-0.0,0.0,0.0,0.0,0.0,0.0,0.0,
0.905,1.0859927600482682,0.0,0.1,-0.0,-0.0,-0.0,0.0,0.0,0.0,0.0,0.0,0.0,
0.91,1.0980593462710266,0.0,0.1,-0.0,-0.0,-0.0,0.0,0.0,0.0,0.0,0.0,0.0,
0.915,1.1101925987160104,0.0,0.1,-0.0,-0.0,-0.0,0.0,0.0,0.0,0.0,0.0,0.0,
0.92,1.1223925173832192,0.0,0.1,-0.0,-0.0,-0.0,0.0,0.0,0.0,0.0,0.0,0.0,
0.925,1.1346591022726533,0.0,0.1,-0.0,-0.0,-0.0,0.0,0.0,0.0,0.0,0.0,0.0,
0.93,1.1469923533843127,0.0,0.1,-0.0,-0.0,-0.0,0.0,0.0,0.0,0.0,0.0,0.0,
0.935,1.1593922707181972,0.0,0.1,-0.0,-0.0,-0.0,0.0,0.0,0.0,0.0,0.0,0.0,
0.9400000000000001,1.171858854274307,0.0,0.1,-0.0,-0.0,-0.0,0.0,0.0,0.0,0.0,0.0,0.0,
0.9450000000000001,1.1843921040526417,0.0,0.1,-0.0,-0.0,-0.0,0.0,0.0,0.0,0.0,0.0,0.0,
0.9500000000000001,1.1969920200532018,0.0,0.1,-0.0,-0.0,-0.0,0.0,0.0,0.0,0.0,0.0,0.0,
0.9550000000000001,1.209658602275987,0.0,0.1,-0.0,-0.0,-0.0,0.0,0.0,0.0,0.0,0.0,0.0,
0.96,1.2223918507209972,0.0,0.1,-0.0,-0.0,-0.0,0.0,0.0,0.0,0.0,0.0,0.0,
0.965,1.2351917653882327,0.0,0.1,-0.0,-0.0,-0.0,0.0,0.0,0.0,0.0,0.0,0.0,
0.97,1.2480583462776935,0.0,0.1,-0.0,-0.0,-0.0,0.0,0.0,0.0,0.0,0.0,0.0,
0.975,1.2609915933893794,0.0,0.1,-0.0,-0.0,-0.0,0.0,0.0,0.0,0.0,0.0,0.0,
0.98,1.2739915067232905,0.0,0.1,-0.0,-0.0,-0.0,0.0,0.0,0.0,0.0,0.0,0.0,
0.985,1.287058086279427,0.0,0.1,-0.0,-0.0,-0.0,0.0,0.0,0.0,0.0,0.0,0.0,
0.99,1.3001913320577885,0.0,0.1,-0.0,-0.0,-0.0,0.0,0.0,0.0,0.0,0.0,0.0,
0.995,1.3133912440583753,0.0,0.1,-0.0,-0.0,-0.0,0.0,0.0,0.0,0.0,0.0,0.0,
1.0,1.3266578222811871,0.0,0.1,-0.0,-0.0,-0.0,0.0,0.0,0.0,0.0,0.0,0.0,
1.0050000000000001,1.3399910667262245,0.0,0.1,-0.0,-0.0,-0.0,0.0,0.0,0.0,0.0,0.0,0.0,
1.01,1.3533909773934865,0.0,0.1,-0.0,-0.0,-0.0,0.0,0.0,0.0,0.0,0.0,0.0,
1.0150000000000001,1.3668575542829742,0.0,0.1,-0.0,-0.0,-0.0,0.0,0.0,0.0,0.0,0.0,0.0,
1.02,1.3803907973946865,0.0,0.1,-0.0,-0.0,-0.0,0.0,0.0,0.0,0.0,0.0,0.0,
1.025,1.3939907067286241,0.0,0.1,-0.0,-0.0,-0.0,0.0,0.0,0.0,0.0,0.0,0.0,
1.03,1.4076572822847875,0.0,0.1,-0.0,-0.0,-0.0,0.0,0.0,0.0,0.0,0.0,0.0,
1.035,1.4213905240631755,0.0,0.1,-0.0,-0.0,-0.0,0.0,0.0,0.0,0.0,0.0,0.0,
1.04,1.4351904320637892,0.0,0.1,-0.0,-0.0,-0.0,0.0,0.0,0.0,0.0,0.0,0.0,
1.045,1.4490570062866275,0.0,0.1,-0.0,-0.0,-0.0,0.0,0.0,0.0,0.0,0.0,0.0,
1.05,1.4629902467316915,0.0,0.1,-0.0,-0.0,-0.0,0.0,0.0,0.0,0.0,0.0,0.0,
1.055,1.4769901533989802,0.0,0.1,-0.0,-0.0,-0.0,0.0,0.0,0.0,0.0,0.0,0.0,
1.06,1.4910567262884946,0.0,0.1,-0.0,-0.0,-0.0,0.0,0.0,0.0,0.0,0.0,0.0,
1.065,1.5051899654002336,0.0,0.1,-0.0,-0.0,-0.0,0.0,0.0,0.0,0.0,0.0,0.0,
1.07,1.5193898707341984,0.0,0.1,-0.0,-0.0,-0.0,0.0,0.0,0.0,0.0,0.0,0.0,
1.075,1.5336564422903878,0.0,0.1,-0.0,-0.0,-0.0,0.0,0.0,0.0,0.0,0.0,0.0,
1.08,1.5479896800688029,0.0,0.1,-0.0,-0.0,-0.0,0.0,0.0,0.0,0.0,0.0,0.0,
1.085,1.5623895840694426,0.0,0.1,-0.0,-0.0,-0.0,0.0,0.0,0.0,0.0,0.0,0.0,
1.09,1.576856154292308,0.0,0.1,-0.0,-0.0,-0.0,0.0,0.0,0.0,0.0,0.0,0.0,
1.095,1.5913893907373982,0.0,0.1,-0.0,-0.0,-0.0,0.0,0.0,0.0,0.0,0.0,0.0,
1.1,1.6059892934047142,0.0,0.1,-0.0,-0.0,-0.0,0.0,0.0,0.0,0.0,0.0,0.0,
1.105,1.6206558622942546,0.0,0.1,-0.0,-0.0,-0.0,0.0,0.0,0.0,0.0,0.0,0.0,
1.11,1.635389097406021,0.0,0.1,-0.0,-0.0,-0.0,0.0,0.0,0.0,0.0,0.0,0.0,
1.115,1.6501889987400118,0.0,0.1,-0.0,-0.0,-0.0,0.0,0.0,0.0,0.0,0.0,0.0,
1.12,1.6650555662962285,0.0,0.1,-0.0,-0.0,-0.0,0.0,0.0,0.0,0.0,0.0,0.0,
1.125,1.6799888000746697,0.0,0.1,-0.0,-0.0,-0.0,0.0,0.0,0.0,0.0,0.0,0.0,
1.1300000000000001,1.6949887000753368,0.0,0.1,-0.0,-0.0,-0.0,0.0,0.0,0.0,0.0,0.0,0.0,
1.135,1.7100552662982282,0.0,0.1,-0.0,-0.0,-0.0,0.0,0.0,0.0,0.0,0.0,0.0,
1.1400000000000001,1.7251884987433457,0.0,0.1,-0.0,-0.0,-0.0,0.0,0.0,0.0,0.0,0.0,0.0,
1.145,1.7403883974106875,0.0,0.1,-0.0,-0.0,-0.0,0.0,0.0,0.0,0.0,0.0,0.0,
1.1500000000000001,1.7556549623002553,0.0,0.1,-0.0,-0.0,-0.0,0.0,0.0,0.0,0.0,0.0,0.0,
1.155,1.7709881934120477,0.0,0.1,-0.0,-0.0,-0.0,0.0,0.0,0.0,0.0,0.0,0.0,
1.16,1.7863880907460652,0.0,0.1,-0.0,-0.0,-0.0,0.0,0.0,0.0,0.0,0.0,0.0,
1.165,1.8018546543023086,0.0,0.1,-0.0,-0.0,-0.0,0.0,0.0,0.0,0.0,0.0,0.0,
1.17,1.8173878840807765,0.0,0.1,-0.0,-0.0,-0.0,0.0,0.0,0.0,0.0,0.0,0.0,
1.175,1.8329877800814702,0.0,0.1,-0.0,-0.0,-0.0,0.0,0.0,0.0,0.0,0.0,0.0,
1.18,1.8486543423043884,0.0,0.1,-0.0,-0.0,-0.0,0.0,0.0,0.0,0.0,0.0,0.0,
1.185,1.8643875707495325,0.0,0.1,-0.0,-0.0,-0.0,0.0,0.0,0.0,0.0,0.0,0.0,
1.19,1.880187465416901,0.0,0.1,-0.0,-0.0,-0.0,0.0,0.0,0.0,0.0,0.0,0.0,
1.195,1.8960540263064956,0.0,0.1,-0.0,-0.0,-0.0,0.0,0.0,0.0,0.0,0.0,0.0,
1.2,1.9119872534183144,0.0,0.1,-0.0,-0.0,-0.0,0.0,0.0,0.0,0.0,0.0,0.0,
1.205,1.9279871467523593,0.0,0.1,-0.0,-0.0,-0.0,0.0,0.0,0.0,0.0,0.0,0.0,
1.21,1.9440537063086285,0.0,0.1,-0.0,-0.0,-0.0,0.0,0.0,0.0,0.0,0.0,0.0,
1.215,1.9601869320871237,0.0,0.1,-0.0,-0.0,-0.0,0.0,0.0,0.0,0.0,0.0,0.0,
1.22,1.9763868240878433,0.0,0.1,-0.0,-0.0,-0.0,0.0,0.0,0.0,0.0,0.0,0.0,
1.225,1.9926533823107888,0.0,0.1,-0.0,-0.0,-0.0,0.0,0.0,0.0,0.0,0.0,0.0,
1.23,2.008986606755959,0.0,0.1,-0.0,-0.0,-0.0,0.0,0.0,0.0,0.0,0.0,0.0,
1.235,2.025386497423355,0.0,0.1,-0.0,-0.0,-0.0,0.0,0.0,0.0,0.0,0.0,0.0,
1.24,2.0418530543129756,0.0,0.1,-0.0,-0.0,-0.0,0.0,0.0,0.0,0.0,0.0,0.0,
1.245,2.058386277424822,0.0,0.1,-0.0,-0.0,-0.0,0.0,0.0,0.0,0.0,0.0,0.0,
1.25,2.0749861667588925,0.0,0.1,-0.0,-0.0,-0.0,0.0,0.0,0.0,0.0,0.0,0.0,
1.2550000000000001,2.0916527223151893,0.0,0.1,-0.0,-0.0,-0.0,0.0,0.0,0.0,0.0,0.0,0.0,
1.26,2.1083859440937105,0.0,0.1,-0.0,-0.0,-0.0,0.0,0.0,0.0,0.0,0.0,0.0,
1.2650000000000001,2.1251858320944574,0.0,0.1,-0.0,-0.0,-0.0,0.0,0.0,0.0,0.0,0.0,0.0,
1.27,2.142052386317429,0.0,0.1,-0.0,-0.0,-0.0,0.0,0.0,0.0,0.0,0.0,0.0,
1.2750000000000001,2.1589856067626263,0.0,0.1,-0.0,-0.0,-0.0,0.0,0.0,0.0,0.0,0.0,0.0,
1.28,2.175985493430048,0.0,0.1,-0.0,-0.0,-0.0,0.0,0.0,0.0,0.0,0.0,0.0,
1.285,2.1930520463196954,0.0,0.1,-0.0,-0.0,-0.0,0.0,0.0,0.0,0.0,0.0,0.0,
1.29,2.2101852654315683,0.0,0.1,-0.0,-0.0,-0.0,0.0,0.0,0.0,0.0,0.0,0.0,
1.295,2.2273851507656657,0.0,0.1,-0.0,-0.0,-0.0,0.0,0.0,0.0,0.0,0.0,0.0,
1.3,2.244651702321989,0.0,0.1,-0.0,-0.0,-0.0,0.0,0.0,0.0,0.0,0.0,0.0,
1.305,2.261984920100537,0.0,0.1,-0.0,-0.0,-0.0,0.0,0.0,0.0,0.0,0.0,0.0,
1.31,2.2793848041013107,0.0,0.1,-0.0,-0.0,-0.0,0.0,0.0,0.0,0.0,0.0,0.0,
1.315,2.2968513543243088,0.0,0.1,-0.0,-0.0,-0.0,0.0,0.0,0.0,0.0,0.0,0.0,
1.32,2.314384570769533,0.0,0.1,-0.0,-0.0,-0.0,0.0,0.0,0.0,0.0,0.0,0.0,
1.325,2.3319844534369816,0.0,0.1,-0.0,-0.0,-0.0,0.0,0.0,0.0,0.0,0.0,0.0,
1.33,2.349651002326656,0.0,0.1,-0.0,-0.0,-0.0,0.0,0.0,0.0,0.0,0.0,0.0,
1.335,2.3673842174385546,0.0,0.1,-0.0,-0.0,-0.0,0.0,0.0,0.0,0.0,0.0,0.0,
1.34,2.3851840987726796,0.0,0.1,-0.0,-0.0,-0.0,0.0,0.0,0.0,0.0,0.0,0.0,
1.345,2.403050646329029,0.0,0.1,-0.0,-0.0,-0.0,0.0,0.0,0.0,0.0,0.0,0.0,
1.35,2.4209838601076044,0.0,0.1,-0.0,-0.0,-0.0,0.0,0.0,0.0,0.0,0.0,0.0,
1.355,2.438983740108404,0.0,0.1,-0.0,-0.0,-0.0,0.0,0.0,0.0,0.0,0.0,0.0,
1.36,2.4570502863314294,0.0,0.1,-0.0,-0.0,-0.0,0.0,0.0,0.0,0.0,0.0,0.0,
1.365,2.4751834987766794,0.0,0.1,-0.0,-0.0,-0.0,0.0,0.0,0.0,0.0,0.0,0.0,
1.37,2.4933833774441556,0.0,0.1,-0.0,-0.0,-0.0,0.0,0.0,0.0,0.0,0.0,0.0,
1.375,2.511649922333856,0.0,0.1,-0.0,-0.0,-0.0,0.0,0.0,0.0,0.0,0.0,0.0,
1.3800000000000001,2.5299831334457825,0.0,0.1,-0.0,-0.0,-0.0,0.0,0.0,0.0,0.0,0.0,0.0,
1.385,2.5483830107799332,0.0,0.1,-0.0,-0.0,-0.0,0.0,0.0,0.0,0.0,0.0,0.0,
1.3900000000000001,2.56684955433631,0.0,0.1,-0.0,-0.0,-0.0,0.0,0.0,0.0,0.0,0.0,0.0,
1.395,2.5853827641149114,0.0,0.1,-0.0,-0.0,-0.0,0.0,0.0,0.0,0.0,0.0,0.0,
1.4000000000000001,2.6039826401157384,0.0,0.1,-0.0,-0.0,-0.0,0.0,0.0,0.0,0.0,0.0,0.0,
1.405,2.62264918233879,0.0,0.1,-0.0,-0.0,-0.0,0.0,0.0,0.0,0.0,0.0,0.0,
1.41,2.6413823907840666,0.0,0.1,-0.0,-0.0,-0.0,0.0,0.0,0.0,0.0,0.0,0.0,
1.415,2.6601822654515694,0.0,0.1,-0.0,-0.0,-0.0,0.0,0.0,0.0,0.0,0.0,0.0,
1.42,2.6790488063412963,0.0,0.1,-0.0,-0.0,-0.0,0.0,0.0,0.0,0.0,0.0,0.0,
1.425,2.6979820134532493,0.0,0.1,-0.0,-0.0,-0.0,0.0,0.0,0.0,0.0,0.0,0.0,
1.43,2.7169818867874267,0.0,0.1,-0.0,-0.0,-0.0,0.0,0.0,0.0,0.0,0.0,0.0,
1.435,2.7360484263438303,0.0,0.1,-0.0,-0.0,-0.0,0.0,0.0,0.0,0.0,0.0,0.0,
1.44,2.7551816321224583,0.0,0.1,-0.0,-0.0,-0.0,0.0,0.0,0.0,0.0,0.0,0.0,
1.445,2.774381504123312,0.0,0.1,-0.0,-0.0,-0.0,0.0,0.0,0.0,0.0,0.0,0.0,
1.45,2.79364804234639,0.0,0.1,-0.0,-0.0,-0.0,0.0,0.0,0.0,0.0,0.0,0.0,
1.455,2.8129812467916944,0.0,0.1,-0.0,-0.0,-0.0,0.0,0.0,0.0,0.0,0.0,0.0,
1.46,2.832381117459223,0.0,0.1,-0.0,-0.0,-0.0,0.0,0.0,0.0,0.0,0.0,0.0,
1.465,2.8518476543489775,0.0,0.1,-0.0,-0.0,-0.0,0.0,0.0,0.0,0.0,0.0,0.0,
1.47,2.8713808574609563,0.0,0.1,-0.0,-0.0,-0.0,0.0,0.0,0.0,0.0,0.0,0.0,
1.475,2.8909807267951613,0.0,0.1,-0.0,-0.0,-0.0,0.0,0.0,0.0,0.0,0.0,0.0,
1.48,2.9106472623515907,0.0,0.1,-0.0,-0.0,-0.0,0.0,0.0,0.0,0.0,0.0,0.0,
1.485,2.9303804641302458,0.0,0.1,-0.0,-0.0,-0.0,0.0,0.0,0.0,0.0,0.0,0.0,
1.49,2.9501803321311253,0.0,0.1,-0.0,-0.0,-0.0,0.0,0.0,0.0,0.0,0.0,0.0,
1.495,2.970046866354231,0.0,0.1,-0.0,-0.0,-0.0,0.0,0.0,0.0,0.0,0.0,0.0,
1.5,2.989980066799561,0.0,0.1,-0.0,-0.0,-0.0,0.0,0.0,0.0,0.0,0.0,0.0,
1.5050000000000001,3.0099799334671173,0.0,0.1,-0.0,-0.0,-0.0,0.0,0.0,0.0,0.0,0.0,0.0,
1.51,3.0300464663568976,0.0,0.1,-0.0,-0.0,-0.0,0.0,0.0,0.0,0.0,0.0,0.0,
1.5150000000000001,3.050179665468904,0.0,0.1,-0.0,-0.0,-0.0,0.0,0.0,0.0,0.0,0.0,0.0,
1.52,3.0703795308031347,0.0,0.1,-0.0,-0.0,-0.0,0.0,0.0,0.0,0.0,0.0,0.0,
1.5250000000000001,3.0906460623595917,0.0,0.1,-0.0,-0.0,-0.0,0.0,0.0,0.0,0.0,0.0,0.0,
1.53,3.1109792601382726,0.0,0.1,-0.0,-0.0,-0.0,0.0,0.0,0.0,0.0,0.0,0.0,
1.5350000000000001,3.1313791241391797,0.0,0.1,-0.0,-0.0,-0.0,0.0,0.0,0.0,0.0,0.0,0.0,
1.54,3.1518456543623112,0.0,0.1,-0.0,-0.0,-0.0,0.0,0.0,0.0,0.0,0.0,0.0,
1.545,3.172378850807668,0.0,0.1,-0.0,-0.0,-0.0,0.0,0.0,0.0,0.0,0.0,0.0,
1.55,3.192978713475251,0.0,0.1,-0.0,-0.0,-0.0,0.0,0.0,0.0,0.0,0.0,0.0,
1.555,3.213645242365058,0.0,0.1,-0.0,-0.0,-0.0,0.0,0.0,0.0,0.0,0.0,0.0,
1.56,3.234378437477091,0.0,0.1,-0.0,-0.0,-0.0,0.0,0.0,0.0,0.0,0.0,0.0,
1.565,3.2551782988113485,0.0,0.1,-0.0,-0.0,-0.0,0.0,0.0,0.0,0.0,0.0,0.0,
1.57,3.276044826367832,0.0,0.1,-0.0,-0.0,-0.0,0.0,0.0,0.0,0.0,0.0,0.0,
1.575,3.2969780201465397,0.0,0.1,-0.0,-0.0,-0.0,0.0,0.0,0.0,0.0,0.0,0.0,
1.58,3.3179778801474735,0.0,0.1,-0.0,-0.0,-0.0,0.0,0.0,0.0,0.0,0.0,0.0,
1.585,3.3390444063706317,0.0,0.1,-0.0,-0.0,-0.0,0.0,0.0,0.0,0.0,0.0,0.0,
1.59,3.360177598816016,0.0,0.1,-0.0,-0.0,-0.0,0.0,0.0,0.0,0.0,0.0,0.0,
1.595,3.3813774574836244,0.0,0.1,-0.0,-0.0,-0.0,0.0,0.0,0.0,0.0,0.0,0.0,
1.6,3.402643982373459,0.0,0.1,-0.0,-0.0,-0.0,0.0,0.0,0.0,0.0,0.0,0.0,
1.605,3.4239771734855178,0.0,0.1,-0.0,-0.0,-0.0,0.0,0.0,0.0,0.0,0.0,0.0,
1.61,3.445377030819803,0.0,0.1,-0.0,-0.0,-0.0,0.0,0.0,0.0,0.0,0.0,0.0,
1.615,3.466843554376312,0.0,0.1,-0.0,-0.0,-0.0,0.0,0.0,0.0,0.0,0.0,0.0,
1.62,3.488376744155047,0.0,0.1,-0.0,-0.0,-0.0,0.0,0.0,0.0,0.0,0.0,0.0,
1.625,3.5099766001560067,0.0,0.1,-0.0,-0.0,-0.0,0.0,0.0,0.0,0.0,0.0,0.0,
1.6300000000000001,3.5316431223791924,0.0,0.1,-0.0,-0.0,-0.0,0.0,0.0,0.0,0.0,0.0,0.0,
1.635,3.5533763108246026,0.0,0.1,-0.0,-0.0,-0.0,0.0,0.0,0.0,0.0,0.0,0.0,
1.6400000000000001,3.5751761654922385,0.0,0.1,-0.0,-0.0,-0.0,0.0,0.0,0.0,0.0,0.0,0.0,
1.645,3.597042686382099,0.0,0.1,-0.0,-0.0,-0.0,0.0,0.0,0.0,0.0,0.0,0.0,
1.6500000000000001,3.6189758734941853,0.0,0.1,-0.0,-0.0,-0.0,0.0,0.0,0.0,0.0,0.0,0.0,
1.655,3.640975726828496,0.0,0.1,-0.0,-0.0,-0.0,0.0,0.0,0.0,0.0,0.0,0.0,
1.6600000000000001,3.663042246385033,0.0,0.1,-0.0,-0.0,-0.0,0.0,0.0,0.0,0.0,0.0,0.0,
1.665,3.685175432163794,0.0,0.1,-0.0,-0.0,-0.0,0.0,0.0,0.0,0.0,0.0,0.0,
1.67,3.7073752841647805,0.0,0.1,-0.0,-0.0,-0.0,0.0,0.0,0.0,0.0,0.0,0.0,
1.675,3.729641802387993,0.0,0.1,-0.0,-0.0,-0.0,0.0,0.0,0.0,0.0,0.0,0.0,
1.68,3.7519749868334293,0.0,0.1,-0.0,-0.0,-0.0,0.0,0.0,0.0,0.0,0.0,0.0,
1.685,3.774374837501092,0.0,0.1,-0.0,-0.0,-0.0,0.0,0.0,0.0,0.0,0.0,0.0,
1.69,3.796841354390979,0.0,0.1,-0.0,-0.0,-0.0,0.0,0.0,0.0,0.0,0.0,0.0,
1.695,3.819374537503092,0.0,0.1,-0.0,-0.0,-0.0,0.0,0.0,0.0,0.0,0.0,0.0,
1.7,3.8419743868374296,0.0,0.1,-0.0,-0.0,-0.0,0.0,0.0,0.0,0.0,0.0,0.0,
1.705,3.8646409023939934,0.0,0.1,-0.0,-0.0,-0.0,0.0,0.0,0.0,0.0,0.0,0.0,
1.71,3.887374084172781,0.0,0.1,-0.0,-0.0,-0.0,0.0,0.0,0.0,0.0,0.0,0.0,
1.715,3.910173932173795,0.0,0.1,-0.0,-0.0,-0.0,0.0,0.0,0.0,0.0,0.0,0.0,
1.72,3.933040446397033,0.0,0.1,-0.0,-0.0,-0.0,0.0,0.0,0.0,0.0,0.0,0.0,
1.725,3.9559736268424976,0.0,0.1,-0.0,-0.0,-0.0,0.0,0.0,0.0,0.0,0.0,0.0,
1.73,3.978973473510186,0.0,0.1,-0.0,-0.0,-0.0,0.0,0.0,0.0,0.0,0.0,0.0,
1.735,4.002039986400101,0.0,0.1,-0.0,-0.0,-0.0,0.0,0.0,0.0,0.0,0.0,0.0,
1.74,4.02517316551224,0.0,0.1,-0.0,-0.0,-0.0,0.0,0.0,0.0,0.0,0.0,0.0,
1.745,4.048373010846605,0.0,0.1,-0.0,-0.0,-0.0,0.0,0.0,0.0,0.0,0.0,0.0,
1.75,4.071639522403195,0.0,0.1,-0.0,-0.0,-0.0,0.0,0.0,0.0,0.0,0.0,0.0,
1.7550000000000001,4.09497270018201,0.0,0.1,-0.0,-0.0,-0.0,0.0,0.0,0.0,0.0,0.0,0.0,
1.76,4.11837254418305,0.0,0.1,-0.0,-0.0,-0.0,0.0,0.0,0.0,0.0,0.0,0.0,
1.7650000000000001,4.141839054406315,0.0,0.1,-0.0,-0.0,-0.0,0.0,0.0,0.0,0.0,0.0,0.0,
1.77,4.165372230851805,0.0,0.1,-0.0,-0.0,-0.0,0.0,0.0,0.0,0.0,0.0,0.0,
1.7750000000000001,4.188972073519521,0.0,0.1,-0.0,-0.0,-0.0,0.0,0.0,0.0,0.0,0.0,0.0,
1.78,4.212638582409461,0.0,0.1,-0.0,-0.0,-0.0,0.0,0.0,0.0,0.0,0.0,0.0,
1.7850000000000001,4.236371757521628,0.0,0.1,-0.0,-0.0,-0.0,0.0,0.0,0.0,0.0,0.0,0.0,
1.79,4.260171598856019,0.0,0.1,-0.0,-0.0,-0.0,0.0,0.0,0.0,0.0,0.0,0.0,
1.795,4.284038106412635,0.0,0.1,-0.0,-0.0,-0.0,0.0,0.0,0.0,0.0,0.0,0.0,
1.8,4.307971280191477,0.0,0.1,-0.0,-0.0,-0.0,0.0,0.0,0.0,0.0,0.0,0.0,
1.805,4.331971120192543,0.0,0.1,-0.0,-0.0,-0.0,0.0,0.0,0.0,0.0,0.0,0.0,
1.81,4.356037626415835,0.0,0.1,-0.0,-0.0,-0.0,0.0,0.0,0.0,0.0,0.0,0.0,
1.815,4.380170798861352,0.0,0.1,-0.0,-0.0,-0.0,0.0,0.0,0.0,0.0,0.0,0.0,
1.82,4.4043706375290945,0.0,0.1,-0.0,-0.0,-0.0,0.0,0.0,0.0,0.0,0.0,0.0,
1.825,4.428637142419062,0.0,0.1,-0.0,-0.0,-0.0,0.0,0.0,0.0,0.0,0.0,0.0,
1.83,4.452970313531255,0.0,0.1,-0.0,-0.0,-0.0,0.0,0.0,0.0,0.0,0.0,0.0,
1.835,4.4773701508656725,0.0,0.1,-0.0,-0.0,-0.0,0.0,0.0,0.0,0.0,0.0,0.0,
1.84,4.501836654422316,0.0,0.1,-0.0,-0.0,-0.0,0.0,0.0,0.0,0.0,0.0,0.0,
1.845,4.526369824201184,0.0,0.1,-0.0,-0.0,-0.0,0.0,0.0,0.0,0.0,0.0,0.0,
1.85,4.550969660202278,0.0,0.1,-0.0,-0.0,-0.0,0.0,0.0,0.0,0.0,0.0,0.0,
1.855,4.575636162425596,0.0,0.1,-0.0,-0.0,-0.0,0.0,0.0,0.0,0.0,0.0,0.0,
1.86,4.60036933087114,0.0,0.1,-0.0,-0.0,-0.0,0.0,0.0,0.0,0.0,0.0,0.0,
1.865,4.6251691655389084,0.0,0.1,-0.0,-0.0,-0.0,0.0,0.0,0.0,0.0,0.0,0.0,
1.87,4.650035666428903,0.0,0.1,-0.0,-0.0,-0.0,0.0,0.0,0.0,0.0,0.0,0.0,
1.875,4.674968833541122,0.0,0.1,-0.0,-0.0,-0.0,0.0,0.0,0.0,0.0,0.0,0.0,
1.8800000000000001,4.699968666875567,0.0,0.1,-0.0,-0.0,-0.0,0.0,0.0,0.0,0.0,0.0,0.0,
1.885,4.725035166432236,0.0,0.1,-0.0,-0.0,-0.0,0.0,0.0,0.0,0.0,0.0,0.0,
1.8900000000000001,4.750168332211132,0.0,0.1,-0.0,-0.0,-0.0,0.0,0.0,0.0,0.0,0.0,0.0,
1.895,4.775368164212251,0.0,0.1,-0.0,-0.0,-0.0,0.0,0.0,0.0,0.0,0.0,0.0,
1.9000000000000001,4.800634662435597,0.0,0.1,-0.0,-0.0,-0.0,0.0,0.0,0.0,0.0,0.0,0.0,
1.905,4.8259678268811665,0.0,0.1,-0.0,-0.0,-0.0,0.0,0.0,0.0,0.0,0.0,0.0,
1.9100000000000001,4.851367657548963,0.0,0.1,-0.0,-0.0,-0.0,0.0,0.0,0.0,0.0,0.0,0.0,
1.915,4.876834154438983,0.0,0.1,-0.0,-0.0,-0.0,0.0,0.0,0.0,0.0,0.0,0.0,
1.92,4.902367317551229,0.0,0.1,-0.0,-0.0,-0.0,0.0,0.0,0.0,0.0,0.0,0.0,
1.925,4.927967146885701,0.0,0.1,-0.0,-0.0,-0.0,0.0,0.0,0.0,0.0,0.0,0.0,
1.93,4.953633642442396,0.0,0.1,-0.0,-0.0,-0.0,0.0,0.0,0.0,0.0,0.0,0.0,
1.935,4.979366804221319,0.0,0.1,-0.0,-0.0,-0.0,0.0,0.0,0.0,0.0,0.0,0.0,
1.94,5.005166632222465,0.0,0.1,-0.0,-0.0,-0.0,0.0,0.0,0.0,0.0,0.0,0.0,
1.945,5.031033126445837,0.0,0.1,-0.0,-0.0,-0.0,0.0,0.0,0.0,0.0,0.0,0.0,
1.95,5.056966286891433,0.0,0.1,-0.0,-0.0,-0.0,0.0,0.0,0.0,0.0,0.0,0.0,
1.955,5.082966113559256,0.0,0.1,-0.0,-0.0,-0.0,0.0,0.0,0.0,0.0,0.0,0.0,
1.96,5.109032606449303,0.0,0.1,-0.0,-0.0,-0.0,0.0,0.0,0.0,0.0,0.0,0.0,
1.965,5.135165765561577,0.0,0.1,-0.0,-0.0,-0.0,0.0,0.0,0.0,0.0,0.0,0.0,
1.97,5.161365590896074,0.0,0.1,-0.0,-0.0,-0.0,0.0,0.0,0.0,0.0,0.0,0.0,
1.975,5.187632082452798,0.0,0.1,-0.0,-0.0,-0.0,0.0,0.0,0.0,0.0,0.0,0.0,
1.98,5.213965240231746,0.0,0.1,-0.0,-0.0,-0.0,0.0,0.0,0.0,0.0,0.0,0.0,
1.985,5.240365064232919,0.0,0.1,-0.0,-0.0,-0.0,0.0,0.0,0.0,0.0,0.0,0.0,
1.99,5.266831554456317,0.0,0.1,-0.0,-0.0,-0.0,0.0,0.0,0.0,0.0,0.0,0.0,
1.995,5.293364710901941,0.0,0.1,-0.0,-0.0,-0.0,0.0,0.0,0.0,0.0,0.0,0.0,
2.0,5.31996453356979,0.0,0.1,-0.0,-0.0,-0.0,0.0,0.0,0.0,0.0,0.0,0.0,
2.005,5.346631022459864,0.0,0.1,-0.0,-0.0,-0.0,0.0,0.0,0.0,0.0,0.0,0.0,
2.0100000000000002,5.373364177572165,0.0,0.1,-0.0,-0.0,-0.0,0.0,0.0,0.0,0.0,0.0,0.0,
2.015,5.400163832241133,0.0,0.1,-0.0,-0.0,-0.0,0.0,0.0,0.0,0.0,0.0,0.0,
2.02,5.427029819801151,5.9040417102584096e-08,0.1,-0.0,-0.0,2.197589683632326e-06,0.0,0.0,0.0,0.0,0.0,0.0,
2.025,5.45396197358685,2.9578357094919385e-07,0.1,-0.0,-0.0,8.790353557472254e-06,0.0,0.0,0.0,0.0,0.0,0.0,
2.0300000000000002,5.480960126932936,8.890397410551651e-07,0.1,-0.0,-0.0,2.1973953640666073e-05,0.0,0.0,0.0,0.0,0.0,0.0,
2.035,5.508024113172157,2.078237561970877e-06,0.1,-0.0,-0.0,4.3940231481014644e-05,0.0,0.0,0.0,0.0,0.0,0.0,
2.04,5.535153765630114,4.163838583064575e-06,0.1,-0.0,-0.0,7.687533116088391e-05,0.0,0.0,0.0,0.0,0.0,0.0,
2.045,5.562348917615505,7.507695880104718e-06,0.1,-0.0,-0.0,0.00012295784491239258,0.0,0.0,0.0,0.0,0.0,0.0,
2.05,5.58960940240447,1.253335666555785e-05,0.1,-0.0,-0.0,0.00018435698291583878,0.0,0.0,0.0,0.0,0.0,0.0,
2.055,5.616935053217684,1.972630890344594e-05,0.1,-0.0,-0.0,0.0002632307688084571,0.0,0.0,0.0,0.0,0.0,0.0,
2.06,5.644325703188839,2.963417199253604e-05,0.1,-0.0,-0.0,0.0003617242623813017,0.0,0.0,0.0,0.0,0.0,0.0,
2.065,5.671781185323219,4.286683163843333e-05,0.1,-0.0,-0.0,0.00048196781089155825,0.0,0.0,0.0,0.0,0.0,0.0,
2.07,5.699301332445031,6.009651909061568e-05,0.1,-0.0,-0.0,0.0006260753303659142,0.0,0.0,0.0,0.0,0.0,0.0,
2.075,5.726885977132258,8.205783497449787e-05,0.1,-0.0,-0.0,0.0007961426182169176,0.0,0.0,0.0,0.0,0.0,0.0,
2.08,5.754534951637777,0.00010954771800102331,0.1,-0.0,-0.0,0.0009942456984397875,0.0,0.0,0.0,0.0,0.0,0.0,
2.085,5.782248087795587,0.00014342535888704148,0.1,-0.0,-0.0,0.0012224392006014858,0.0,0.0,0.0,0.0,0.0,0.0,
2.09,5.810025216910967,0.00018461205986853414,0.1,-0.0,-0.0,0.0014827547737771183,0.0,0.0,0.0,0.0,0.0,0.0,
2.095,5.83786616963352,0.00023409104023574184,0.1,-0.0,-0.0,0.001777199536530813,0.0,0.0,0.0,0.0,0.0,0.0,
2.1,5.865770775812037,0.0002929071883640696,0.1,-0.0,-0.0,0.0021077545639807,0.0,0.0,0.0,0.0,0.0,0.0,
2.105,5.893738864330284,0.00036216676075749804,0.1,-0.0,-0.0,0.002476373412927412,0.0,0.0,0.0,0.0,0.0,0.0,
2.11,5.921770262922744,0.00044303702866167836,0.1,-0.0,-0.0,0.0028849806859678564,0.0,0.0,0.0,0.0,0.0,0.0,
2.115,5.949864797969568,0.000536745872842367,0.1,-0.0,-0.0,0.0033354706354542752,0.0,0.0,0.0,0.0,0.0,0.0,
2.12,5.978022294269937,0.0006445813271608057,0.1,-0.0,-0.0,0.003829705808100493,0.0,0.0,0.0,0.0,0.0,0.0,
2.125,6.00624257479325,0.0007678910716116344,0.1,-0.0,-0.0,0.004369515730975968,0.0,0.0,0.0,0.0,0.0,0.0,
2.13,6.034525460407489,0.0009080818755201497,0.1,-0.0,-0.0,0.004956695639569527,0.0,0.0,0.0,0.0,0.0,0.0,
2.1350000000000002,6.062870769584342,0.0010666189916252312,0.1,-0.0,-0.0,0.005593005248543528,0.0,0.0,0.0,0.0,0.0,0.0,
2.14,6.091278318080637,0.0012450255018009863,0.1,-0.0,-0.0,0.006280167565741255,0.0,0.0,0.0,0.0,0.0,0.0,
2.145,6.119747918595863,0.001444881615195277,0.1,-0.0,-0.0,0.007019867749950295,0.0,0.0,0.0,0.0,0.0,0.0,
2.15,6.148279380405488,0.0016678239195854585,0.1,-0.0,-0.0,0.007813752012867783,0.0,0.0,0.0,0.0,0.0,0.0,
2.1550000000000002,6.176872508970043,0.0019155445867726961,0.1,-0.0,-0.0,0.008663426565653493,0.0,0.0,0.0,0.0,0.0,0.0,
2.16,6.205527105519912,0.002189790532854395,0.1,-0.0,-0.0,0.009570456610402504,0.0,0.0,0.0,0.0,0.0,0.0,
2.165,6.234242966615968,0.0024923625342315103,0.1,-0.0,-0.0,0.010536365376811149,0.0,0.0,0.0,0.0,0.0,0.0,
2.17,6.263019883686206,0.002825114300221673,0.1,-0.0,-0.0,0.011562633204257078,0.0,0.0,0.0,0.0,0.0,0.0,
2.1750000000000003,6.291857642538692,0.0031899515031631204,0.1,-0.0,-0.0,0.012650696669458245,0.0,0.0,0.0,0.0,0.0,0.0,
2.18,6.320756022851206,0.0035888307669054986,0.1,-0.0,-0.0,0.013801947759825125,0.0,0.0,0.0,0.0,0.0,0.0,
2.185,6.349714797638101,0.004023758614594813,0.1,-0.0,-0.0,0.015017733092567513,0.0,0.0,0.0,0.0,0.0,0.0,
2.19,6.378733732694928,0.004496790376667834,0.1,-0.0,-0.0,0.01629935317956964,0.0,0.0,0.0,0.0,0.0,0.0,
2.195,6.407812586021551,0.005010029059980421,0.1,-0.0,-0.0,0.017648061737995324,0.0,0.0,0.0,0.0,0.0,0.0,
2.2,6.436951107224525,0.0055656241790008115,0.1,-0.0,-0.0,0.019065065046541468,0.0,0.0,0.0,0.0,0.0,0.0,
2.205,6.466149036899611,0.006165770550005206,0.1,-0.0,-0.0,0.020551521347210645,0.0,0.0,0.0,0.0,0.0,0.0,
2.21,6.495406105995435,0.0068127070492197865,0.1,-0.0,-0.0,0.02210854029242938,0.0,0.0,0.0,0.0,0.0,0.0,
2.215,6.524722035159301,0.007508715335857054,0.1,-0.0,-0.0,0.02373718243729932,0.0,0.0,0.0,0.0,0.0,0.0,
2.22,6.554096534066363,0.00825611854100126,0.1,-0.0,-0.0,0.025438458776722888,0.0,0.0,0.0,0.0,0.0,0.0,
2.225,6.583529300733345,0.0090572799233013,0.1,-0.0,-0.0,0.027213330327111235,0.0,0.0,0.0,0.0,0.0,0.0,
2.23,6.613020020818176,0.009914601492436337,0.1,-0.0,-0.0,0.029062707752340836,0.0,0.0,0.0,0.0,0.0,0.0,
2.235,6.642568366906883,0.010830522601322402,0.1,-0.0,-0.0,0.03098745103359381,0.0,0.0,0.0,0.0,0.0,0.0,
2.24,6.67217399778925,0.011807518508036385,0.1,-0.0,-0.0,0.03298836918267767,0.0,0.0,0.0,0.0,0.0,0.0,
2.245,6.701836557724753,0.012848098908438093,0.1,-0.0,-0.0,0.03506621999839338,0.0,0.0,0.0,0.0,0.0,0.0,
2.25,6.731555675700416,0.013954806440480253,0.1,-0.0,-0.0,0.037221709865485855,0.0,0.0,0.0,0.0,0.0,0.0,
2.255,6.761330964682206,0.01513021516120103,0.1,-0.0,-0.0,0.039455493595686966,0.0,0.0,0.0,0.0,0.0,0.0,
2.2600000000000002,6.791162020861731,0.016376928997405248,0.1,-0.0,-0.0,0.04176817431032716,0.0,0.0,0.0,0.0,0.0,0.0,
2.265,6.821048422899983,0.01769758017104763,0.1,-0.0,-0.0,0.0441603033639733,0.0,0.0,0.0,0.0,0.0,0.0,
2.27,6.8509897311699985,0.019094827600344953,0.1,-0.0,-0.0,0.04663238030852052,0.0,0.0,0.0,0.0,0.0,0.0,
2.275,6.8809854870002525,0.020571355277652005,0.1,-0.0,-0.0,0.04918485289714944,0.0,0.0,0.0,0.0,0.0,0.0,
2.2800000000000002,6.911035211920723,0.022129870625153217,0.1,-0.0,-0.0,0.05181811712753151,0.0,0.0,0.0,0.0,0.0,0.0,
2.285,6.941138406913542,0.02377310282943314,0.1,-0.0,-0.0,0.05453251732365336,0.0,0.0,0.0,0.0,0.0,0.0,
2.29,6.971294551670234,0.025503801156008168,0.1,-0.0,-0.0,0.057328346255606843,0.0,0.0,0.0,0.0,0.0,0.0,
2.295,7.001503103857482,0.027324733244914214,0.1,-0.0,-0.0,0.060205845296681396,0.0,0.0,0.0,0.0,0.0,0.0,
2.3000000000000003,7.031763498393451,0.02923868338846834,0.1,-0.0,-0.0,0.06316520461707122,0.0,0.0,0.0,0.0,0.0,0.0,
2.305,7.0620751467366665,0.03124845079233806,0.1,-0.0,-0.0,0.06620656341350437,0.0,0.0,0.0,0.0,0.0,0.0,
2.31,7.092437436189502,0.033356847821077715,0.1,-0.0,-0.0,0.06933001017408111,0.0,0.0,0.0,0.0,0.0,0.0,
2.315,7.122849729218235,0.03556669822930754,0.1,-0.0,-0.0,0.07253558297760446,0.0,0.0,0.0,0.0,0.0,0.0,
2.32,7.153311362791728,0.03788083537974054,0.1,-0.0,-0.0,0.07582326982666514,0.0,0.0,0.0,0.0,0.0,0.0,
2.325,7.183821647740723,0.04030210044928375,0.1,-0.0,-0.0,0.07919300901374378,0.0,0.0,0.0,0.0,0.0,0.0,
2.33,7.21437986813971,0.04283334062446582,0.1,-0.0,-0.0,0.08264468951957833,0.0,0.0,0.0,0.0,0.0,0.0,
2.335,7.244985280713373,0.04547740728747389,0.1,-0.0,-0.0,0.08617815144303713,0.0,0.0,0.0,0.0,0.0,0.0,
2.34,7.275637114269492,0.04823715419410307,0.1,-0.0,-0.0,0.08979318646173737,0.0,0.0,0.0,0.0,0.0,0.0,
2.345,7.30633456916024,0.05111543564495736,0.1,-0.0,-0.0,0.09348953832263202,0.0,0.0,0.0,0.0,0.0,0.0,
2.35,7.337076816773693,0.05411510465126388,0.1,-0.0,-0.0,0.09726690336179354,0.0,0.0,0.0,0.0,0.0,0.0,
2.355,7.367862999057414,0.05723901109669806,0.1,-0.0,-0.0,0.10112493105261001,0.0,0.0,0.0,0.0,0.0,0.0,
2.36,7.3986922280758245,0.060489999896637905,0.1,-0.0,-0.0,0.10506322458161414,0.0,0.0,0.0,0.0,0.0,0.0,
2.365,7.429563585603095,0.06387090915630422,0.1,-0.0,-0.0,0.1090813414511504,0.0,0.0,0.0,0.0,0.0,0.0,
2.37,7.460476122753187,0.06738456832926562,0.1,-0.0,-0.0,0.1131787941080949,0.0,0.0,0.0,0.0,0.0,0.0,
2.375,7.491428859648665,0.07103379637782417,0.1,-0.0,-0.0,0.11735505059783075,0.0,0.0,0.0,0.0,0.0,0.0,
2.38,7.522420785129727,0.07482139993681584,0.1,-0.0,-0.0,0.12160953524268972,0.0,0.0,0.0,0.0,0.0,0.0,
2.3850000000000002,7.5534508565049485,0.07875017148239809,0.1,-0.0,-0.0,0.12594162934405706,0.0,0.0,0.0,0.0,0.0,0.0,
2.39,7.584517999345055,0.08282288750741541,0.1,-0.0,-0.0,0.13035067190734803,0.0,0.0,0.0,0.0,0.0,0.0,
2.395,7.61562110732104,0.0870423067049689,0.1,-0.0,-0.0,0.13483596038905415,0.0,0.0,0.0,0.0,0.0,0.0,
2.4,7.646759042087778,0.09141116816182773,0.1,-0.0,-0.0,0.13939675146506736,0.0,0.0,0.0,0.0,0.0,0.0,
2.4050000000000002,7.677930633214248,0.09593218956335593,0.1,-0.0,-0.0,0.14403226181947687,0.0,0.0,0.0,0.0,0.0,0.0,
2.41,7.709134678161357,0.10060806541163883,0.1,-0.0,-0.0,0.14874166895304752,0.0,0.0,0.0,0.0,0.0,0.0,
2.415,7.740369942308308,0.10544146525852327,0.1,-0.0,-0.0,0.15352411201057795,0.0,0.0,0.0,0.0,0.0,0.0,
2.42,7.771635159028256,0.11043503195528856,0.1,-0.0,-0.0,0.15837869262634974,0.0,0.0,0.0,0.0,0.0,0.0,
2.4250000000000003,7.802929029813998,0.11559137992069352,0.1,-0.0,-0.0,0.16330447578686502,0.0,0.0,0.0,0.0,0.0,0.0,
2.43,7.834250224454264,0.12091309342914554,0.1,-0.0,-0.0,0.16830049071008504,0.0,0.0,0.0,0.0,0.0,0.0,
2.435,7.865597381261131,0.12640272492075874,0.1,-0.0,-0.0,0.17336573174037395,0.0,0.0,0.0,0.0,0.0,0.0,
2.44,7.896969107348883,0.13206279333505813,0.1,-0.0,-0.0,0.17849915925836488,0.0,0.0,0.0,0.0,0.0,0.0,
2.445,7.9283639789646205,0.13789578247010512,0.1,-0.0,-0.0,0.1836997006049515,0.0,0.0,0.0,0.0,0.0,0.0,
2.45,7.959780541870754,0.1439041393688104,0.1,-0.0,-0.0,0.18896625101862677,0.0,0.0,0.0,0.0,0.0,0.0,
2.455,7.991217311779402,0.15009027273419598,0.1,-0.0,-0.0,0.19429767458538327,0.0,0.0,0.0,0.0,0.0,0.0,
2.46,8.022672774838654,0.15645655137536987,0.1,-0.0,-0.0,0.1996928052003925,0.0,0.0,0.0,0.0,0.0,0.0,
2.465,8.054145388170442,0.16300530268594932,0.1,-0.0,-0.0,0.20515044754069345,0.0,0.0,0.0,0.0,0.0,0.0,
2.47,8.085633580459753,0.1697388111566697,0.1,-0.0,-0.0,0.21066937804810554,0.0,0.0,0.0,0.0,0.0,0.0,
2.475,8.117135752594718,0.17665931692388373,0.1,-0.0,-0.0,0.21624834592160364,0.0,0.0,0.0,0.0,0.0,0.0,
2.48,8.148650278357081,0.1837690143556477,0.1,-0.0,-0.0,0.22188607411838174,0.0,0.0,0.0,0.0,0.0,0.0,
2.485,8.180175505162318,0.19107005067704264,0.1,-0.0,-0.0,0.22758126036284912,0.0,0.0,0.0,0.0,0.0,0.0,
2.49,8.211709754848684,0.19856452463636928,0.1,-0.0,-0.0,0.23333257816279068,0.0,0.0,0.0,0.0,0.0,0.0,
2.495,8.243251324514276,0.20625448521380157,0.1,-0.0,-0.0,0.23913867783194356,0.0,0.0,0.0,0.0,0.0,0.0,
2.5,8.274798487401135,0.21414193037406298,0.1,-0.0,-0.0,0.24499818751823435,0.0,0.0,0.0,0.0,0.0,0.0,
2.505,8.30634949382525,0.22222880586462163,0.1,-0.0,-0.0,0.25090971423693936,0.0,0.0,0.0,0.0,0.0,0.0,
2.5100000000000002,8.337902572151275,0.23051700406087602,0.1,-0.0,-0.0,0.2568718449080181,0.0,0.0,0.0,0.0,0.0,0.0,
2.515,8.369455929810622,0.23900836285973262,0.1,-0.0,-0.0,0.2628831473968938,0.0,0.0,0.0,0.0,0.0,0.0,
2.52,8.401007754361546,0.24770466462293936,0.1,-0.0,-0.0,0.26894217155794586,0.0,0.0,0.0,0.0,0.0,0.0,
2.525,8.432556214589672,0.25660763517145435,0.1,-0.0,-0.0,0.2750474502800021,0.0,0.0,0.0,0.0,0.0,0.0,
2.5300000000000002,8.46409946164737,0.2657189428320903,0.1,-0.0,-0.0,0.2811975005331036,0.0,0.0,0.0,0.0,0.0,0.0,
2.535,8.495635630230272,0.27504019753758746,0.1,-0.0,-0.0,0.28739082441584346,0.0,0.0,0.0,0.0,0.0,0.0,
2.54,8.527162839789174,0.28457294998121896,0.1,-0.0,-0.0,0.2936259102025725,0.0,0.0,0.0,0.0,0.0,0.0,
2.545,8.558679195775417,0.2943186908269285,0.1,-0.0,-0.0,0.2999012333897873,0.0,0.0,0.0,0.0,0.0,0.0,
2.5500000000000003,8.59018279091783,0.30427884997595256,0.1,-0.0,-0.0,0.30621525774100683,0.0,0.0,0.0,0.0,0.0,0.0,
2.555,8.621671706529195,0.31445479589077524,0.1,-0.0,-0.0,0.3125664363294696,0.0,0.0,0.0,0.0,0.0,0.0,
2.56,8.653144013840206,0.3248478349772048,0.1,-0.0,-0.0,0.3189532125779796,0.0,0.0,0.0,0.0,0.0,0.0,
2.565,8.68459777535869,0.3354592110252433,0.1,-0.0,-0.0,0.3253740212952523,0.0,0.0,0.0,0.0,0.0,0.0,
2.57,8.716031046251956,0.34629010470936283,0.1,-0.0,-0.0,0.3318272897081046,0.0,0.0,0.0,0.0,0.0,0.0,
2.575,8.747441875750008,0.35734163314869555,0.1,-0.0,-0.0,0.3383114384888599,0.0,0.0,0.0,0.0,0.0,0.0,
2.58,8.778828308567268,0.36861484952754897,0.1,-0.0,-0.0,0.3448248827773411,0.0,0.0,0.0,0.0,0.0,0.0,
2.585,8.810188386340553,0.38011074277658685,0.1,-0.0,-0.0,0.35136603319683496,0.0,0.0,0.0,0.0,0.0,0.0,
2.59,8.841520149080845,0.3918302373148846,0.1,-0.0,-0.0,0.35793329686343567,0.0,0.0,0.0,0.0,0.0,0.0,
2.595,8.872821636636514,0.4037741928530079,0.1,-0.0,-0.0,0.36452507838816495,0.0,0.0,0.0,0.0,0.0,0.0,
2.6,8.904090890165516,0.4159434042571389,0.1,-0.0,-0.0,0.3711397808713038,0.0,0.0,0.0,0.0,0.0,0.0,
2.605,8.93532595361417,0.42833860147420444,0.1,-0.0,-0.0,0.3777758068883619,0.0,0.0,0.0,0.0,0.0,0.0,
2.61,8.966524875200003,0.4409604495178278,0.1,-0.0,-0.0,0.3844315594671481,0.0,0.0,0.0,0.0,0.0,0.0,
2.615,8.997685708896249,0.45380954851486327,0.1,-0.0,-0.0,0.39110544305539086,0.0,0.0,0.0,0.0,0.0,0.0,
2.62,9.0288065159155,0.46688643381214784,0.1,-0.0,-0.0,0.3977958644783979,0.0,0.0,0.0,0.0,0.0,0.0,
2.625,9.059885366190102,0.48019157614303853,0.1,-0.0,-0.0,0.40450123388623993,0.0,0.0,0.0,0.0,0.0,0.0,
2.63,9.090920339846793,0.49372538185316744,0.1,-0.0,-0.0,0.4112199656899764,0.0,0.0,0.0,0.0,0.0,0.0,
2.6350000000000002,9.121909528673216,0.5074881931847941,0.1,-0.0,-0.0,0.4179504794864343,0.0,0.0,0.0,0.0,0.0,0.0,
2.64,9.152851037573845,0.5214802886190093,0.1,-0.0,-0.0,0.42469120097108776,0.0,0.0,0.0,0.0,0.0,0.0,
2.645,9.183742986013028,0.5357018832749886,0.1,-0.0,-0.0,0.4314405628385859,0.0,0.0,0.0,0.0,0.0,0.0,
2.65,9.21458350944273,0.5501531293653589,0.1,-0.0,-0.0,0.4381970056705098,0.0,0.0,0.0,0.0,0.0,0.0,
2.6550000000000002,9.245370760712726,0.564834116706703,0.1,-0.0,-0.0,0.4449589788099326,0.0,0.0,0.0,0.0,0.0,0.0,
2.66,9.276102911460958,0.5797448732841054,0.1,-0.0,-0.0,0.45172494122239715,0.0,0.0,0.0,0.0,0.0,0.0,
2.665,9.306778153481895,0.5948853658685982,0.1,-0.0,-0.0,0.45849336234292154,0.0,0.0,0.0,0.0,0.0,0.0,
2.67,9.337394700070682,0.6102555006862441,0.1,-0.0,-0.0,0.4652627229086829,0.0,0.0,0.0,0.0,0.0,0.0,
2.6750000000000003,9.36795078734104,0.6258551241375627,0.1,-0.0,-0.0,0.4720315157770183,0.0,0.0,0.0,0.0,0.0,0.0,
2.68,9.398444675514838,0.6416840235658998,0.1,-0.0,-0.0,0.4787982467284246,0.0,0.0,0.0,0.0,0.0,0.0,
2.685,9.428874650181418,0.6577419280733104,0.1,-0.0,-0.0,0.48556143525423856,0.0,0.0,0.0,0.0,0.0,0.0,
2.69,9.45923902352474,0.6740285093824122,0.1,-0.0,-0.0,0.49231961532871055,0.0,0.0,0.0,0.0,0.0,0.0,
2.695,9.489536135516534,0.6905433827426551,0.1,-0.0,-0.0,0.4990713361651841,0.0,0.0,0.0,0.0,0.0,0.0,
2.7,9.519764355073738,0.7072861078793709,0.1,-0.0,-0.0,0.5058151629561276,0.0,0.0,0.0,0.0,0.0,0.0,
2.705,9.549922081178496,0.7242561899839111,0.1,-0.0,-0.0,0.5125496775967734,0.0,0.0,0.0,0.0,0.0,0.0,
2.71,9.58000774395922,0.7414530807431703,0.1,-0.0,-0.0,0.5192734793921324,0.0,0.0,0.0,0.0,0.0,0.0,
2.715,9.61001980573113,0.7588761794066903,0.1,-0.0,-0.0,0.5259851857471854,0.0,0.0,0.0,0.0,0.0,0.0,
2.72,9.639956761994911,0.7765248338895618,0.1,-0.0,-0.0,0.5326834328400433,0.0,0.0,0.0,0.0,0.0,0.0,
2.725,9.669817142392144,0.7943983419092621,0.1,-0.0,-0.0,0.5393668762779105,0.0,0.0,0.0,0.0,0.0,0.0,
2.73,9.699599511616286,0.8124959521545796,0.1,-0.0,-0.0,0.5460341917356827,0.0,0.0,0.0,0.0,0.0,0.0,
2.735,9.72930247027804,0.8308168654847006,0.1,-0.0,-0.0,0.552684075577043,0.0,0.0,0.0,0.0,0.0,0.0,
2.74,9.758924655724087,0.8493602361565639,0.1,-0.0,-0.0,0.5593152454579166,0.0,0.0,0.0,0.0,0.0,0.0,
2.745,9.788464742808195,0.8681251730785337,0.1,-0.0,-0.0,0.5659264409121768,0.0,0.0,0.0,0.0,0.0,0.0,
2.75,9.817921444613875,0.8871107410884737,0.1,-0.0,-0.0,0.5725164239195001,0.0,0.0,0.0,0.0,0.0,0.0,
2.755,9.84729351312777,0.9063159622542412,0.1,-0.0,-0.0,0.5790839794552908,0.0,0.0,0.0,0.0,0.0,0.0,
2.7600000000000002,9.87657973986315,0.9257398171946754,0.1,-0.0,-0.0,0.585627916022598,0.0,0.0,0.0,0.0,0.0,0.0,
2.765,9.905778956432874,0.9453812464191115,0.1,-0.0,-0.0,0.5921470661659732,0.0,0.0,0.0,0.0,0.0,0.0,
2.77,9.93489003507139,0.9652391516835072,0.1,-0.0,-0.0,0.5986402869672239,0.0,0.0,0.0,0.0,0.0,0.0,
2.775,9.96391188910532,0.9853123973612137,0.1,-0.0,-0.0,0.605106460523038,0.0,0.0,0.0,0.0,0.0,0.0,
2.7800000000000002,9.992843473372357,1.0055998118265053,0.1,-0.0,-0.0,0.611544494404454,0.0,0.0,0.0,0.0,0.0,0.0,
2.785,10.021683784588227,1.0261001888489454,0.1,-0.0,-0.0,0.6179533220981797,0.0,0.0,0.0,0.0,0.0,0.0,
2.79,10.050431861661638,1.0468122889967468,0.1,-0.0,-0.0,0.6243319034297584,0.0,0.0,0.0,0.0,0.0,0.0,
2.795,10.079086785957108,1.067734841047237,0.1,-0.0,-0.0,0.6306792249686121,0.0,0.0,0.0,0.0,0.0,0.0,
2.8000000000000003,10.107647681505767,1.0888665434026406,0.1,-0.0,-0.0,0.636994300414976,0.0,0.0,0.0,0.0,0.0,0.0,
2.805,10.136113715164223,1.1102060655093713,0.1,-0.0,-0.0,0.643276170968775,0.0,0.0,0.0,0.0,0.0,0.0,
2.81,10.16448409672174,1.1317520492791087,0.1,-0.0,-0.0,0.6495239056804816,0.0,0.0,0.0,0.0,0.0,0.0,
2.815,10.192758078955967,1.1535031105099165,0.1,-0.0,-0.0,0.6557366017840229,0.0,0.0,0.0,0.0,0.0,0.0,
2.82,10.220934957637615,1.1754578403057558,0.1,-0.0,-0.0,0.6619133850117922,0.0,0.0,0.0,0.0,0.0,0.0,
2.825,10.249014071484508,1.1976148064927632,0.1,-0.0,-0.0,0.6680534098918464,0.0,0.0,0.0,0.0,0.0,0.0,
2.83,10.276994802065497,1.2199725550307003,0.1,-0.0,-0.0,0.6741558600273703,0.0,0.0,0.0,0.0,0.0,0.0,
2.835,10.30487657365486,1.2425296114180808,0.1,-0.0,-0.0,0.6802199483584933,0.0,0.0,0.0,0.0,0.0,0.0,
2.84,10.332658853037772,1.2652844820894502,0.1,-0.0,-0.0,0.6862449174065619,0.0,0.0,0.0,0.0,0.0,0.0,
2.845,10.360341149267592,1.2882356558034298,0.1,-0.0,-0.0,0.69223003950096,0.0,0.0,0.0,0.0,0.0,0.0,
2.85,10.387923013375707,1.3113816050201255,0.1,-0.0,-0.0,0.6981746169885923,0.0,0.0,0.0,0.0,0.0,0.0,
2.855,10.41540403803478,1.334720787266619,0.1,-0.0,-0.0,0.7040779824261377,0.0,0.0,0.0,0.0,0.0,0.0,
2.86,10.442783857176249,1.3582516464892418,0.1,-0.0,-0.0,0.7099394987551969,0.0,0.0,0.0,0.0,0.0,0.0,
2.865,10.470062145563025,1.3819726143914648,0.1,-0.0,-0.0,0.7157585594604466,0.0,0.0,0.0,0.0,0.0,0.0,
2.87,10.497238618318338,1.4058821117562328,0.1,-0.0,-0.0,0.7215345887109329,0.0,0.0,0.0,0.0,0.0,0.0,
2.875,10.524313030411795,1.4299785497516968,0.1,-0.0,-0.0,0.7272670414846247,0.0,0.0,0.0,0.0,0.0,0.0,
2.88,10.551285176103658,1.4542603312192794,0.1,-0.0,-0.0,0.7329554036763714,0.0,0.0,0.0,0.0,0.0,0.0,
2.8850000000000002,10.578154888348482,1.4787258519431408,0.1,-0.0,-0.0,0.7385991921893789,0.0,0.0,0.0,0.0,0.0,0.0,
2.89,10.604922038159213,1.5033735019001178,0.1,-0.0,-0.0,0.7441979550103587,0.0,0.0,0.0,0.0,0.0,0.0,
2.895,10.631586533932953,1.5282016664893274,0.1,-0.0,-0.0,0.7497512712684732,0.0,0.0,0.0,0.0,0.0,0.0,
2.9,10.658148320739564,1.5532087277406057,0.1,-0.0,-0.0,0.7552587512782265,0.0,0.0,0.0,0.0,0.0,0.0,
2.9050000000000002,10.684607379574324,1.5783930655010943,0.1,-0.0,-0.0,0.7607200365664324,0.0,0.0,0.0,0.0,0.0,0.0,
2.91,10.710963726575912,1.6037530585992792,0.1,-0.0,-0.0,0.7661347998834026,0.0,0.0,0.0,0.0,0.0,0.0,
2.915,10.737217412210983,1.6292870859859108,0.1,-0.0,-0.0,0.7715027451984959,0.0,0.0,0.0,0.0,0.0,0.0,
2.92,10.7633685204266,1.6549935278512082,0.1,-0.0,-0.0,0.7768236076801729,0.0,0.0,0.0,0.0,0.0,0.0,
2.9250000000000003,10.789417167771848,1.6808707667178875,0.1,-0.0,-0.0,0.7820971536606867,0.0,0.0,0.0,0.0,0.0,0.0,
2.93,10.815363502489935,1.7069171885095442,0.1,-0.0,-0.0,0.7873231805855617,0.0,0.0,0.0,0.0,0.0,0.0,
2.935,10.841207703582123,1.733131183594043,0.1,-0.0,-0.0,0.7925015169479901,0.0,0.0,0.0,0.0,0.0,0.0,
2.94,10.866949979844795,1.759511147801527,0.1,-0.0,-0.0,0.7976320222082938,0.0,0.0,0.0,0.0,0.0,0.0,
2.945,10.892590568881024,1.7860554834168,0.1,-0.0,-0.0,0.8027145866985815,0.0,0.0,0.0,0.0,0.0,0.0,
2.95,10.91812973608798,1.8127626001458323,0.1,-0.0,-0.0,0.807749131512744,0.0,0.0,0.0,0.0,0.0,0.0,
2.955,10.943567773621513,1.8396309160561866,0.1,-0.0,-0.0,0.8127356083819198,0.0,0.0,0.0,0.0,0.0,0.0,
2.96,10.968904999339282,1.8666588584912591,0.1,-0.0,-0.0,0.8176739995355667,0.0,0.0,0.0,0.0,0.0,0.0,
2.965,10.994141755723733,1.8938448649581858,0.1,-0.0,-0.0,0.8225643175482744,0.0,0.0,0.0,0.0,0.0,0.0,
2.97,11.019278408786313,1.9211873839893912,0.1,-0.0,-0.0,0.8274066051724466,0.0,0.0,0.0,0.0,0.0,0.0,
2.975,11.044315346954193,1.9486848759777355,0.1,-0.0,-0.0,0.8322009351569843,0.0,0.0,0.0,0.0,0.0,0.0,
2.98,11.069252979940892,1.976335813985314,0.1,-0.0,-0.0,0.8369474100520992,0.0,0.0,0.0,0.0,0.0,0.0,
2.985,11.09409173760206,2.004138684525915,0.1,-0.0,-0.0,0.8416461620003873,0.0,0.0,0.0,0.0,0.0,0.0,
2.99,11.118832068777756,2.032091988321263,0.1,-0.0,-0.0,0.8462973525142842,0.0,0.0,0.0,0.0,0.0,0.0,
2.995,11.14347444012249,2.0601942410311365,0.1,-0.0,-0.0,0.8509011722400304,0.0,0.0,0.0,0.0,0.0,0.0,
3.0,11.168019334924344,2.0884439739575473,0.1,-0.0,-0.0,0.8554578407082684,0.0,0.0,0.0,0.0,0.0,0.0,
3.005,11.19246725191438,2.116839734723107,0.1,-0.0,-0.0,0.8599676060713977,0.0,0.0,0.0,0.0,0.0,0.0,
3.0100000000000002,11.216818704067647,2.145380087923821,0.1,-0.0,-0.0,0.8644307448278045,0.0,0.0,0.0,0.0,0.0,0.0,
3.015,11.241074217396948,2.174063615756504,0.1,-0.0,-0.0,0.86884756153309,0.0,0.0,0.0,0.0,0.0,0.0,
3.02,11.265234329740649,2.2028889186210976,0.1,-0.0,-0.0,0.8732183884984146,0.0,0.0,0.0,0.0,0.0,0.0,
3.025,11.289299589545662,2.2318546156981056,0.1,-0.0,-0.0,0.8775435854760831,0.0,0.0,0.0,0.0,0.0,0.0,
3.0300000000000002,11.31327055464683,2.2609593455014636,0.1,-0.0,-0.0,0.8818235393324817,0.0,0.0,0.0,0.0,0.0,0.0,
3.035,11.337147791043813,2.290201766407105,0.1,-0.0,-0.0,0.8860586637084916,0.0,0.0,0.0,0.0,0.0,0.0,
3.04,11.360931871676671,2.3195805571575736,0.1,-0.0,-0.0,0.8902493986674945,0.0,0.0,0.0,0.0,0.0,0.0,
3.045,11.384623375201196,2.3490944173429424,0.1,-0.0,-0.0,0.8943962103310932,0.0,0.0,0.0,0.0,0.0,0.0,
3.0500000000000003,11.408222884765127,2.3787420678584072,0.1,-0.0,-0.0,0.8984995905026602,0.0,0.0,0.0,0.0,0.0,0.0,
3.055,11.431730986786288,2.4085222513388547,0.1,-0.0,-0.0,0.9025600562788395,0.0,0.0,0.0,0.0,0.0,0.0,
3.06,11.455148269733721,2.4384337325707794,0.1,-0.0,-0.0,0.9065781496491185,0.0,0.0,0.0,0.0,0.0,0.0,
3.065,11.47847532291281,2.4684752988818417,0.1,-0.0,-0.0,0.9105544370835964,0.0,0.0,0.0,0.0,0.0,0.0,
3.0700000000000003,11.501712735255413,2.4986457605084387,0.1,-0.0,-0.0,0.9144895091090663,0.0,0.0,0.0,0.0,0.0,0.0,
3.075,11.524861094115966,2.5289439509416076,0.1,-0.0,-0.0,0.9183839798735407,0.0,0.0,0.0,0.0,0.0,0.0,
3.08,11.547920984074542,2.5593687272516306,0.1,-0.0,-0.0,0.9222384866993424,0.0,0.0,0.0,0.0,0.0,0.0,
3.085,11.570892985747752,2.589918970391627,0.1,-0.0,-0.0,0.9260536896248954,0.0,0.0,0.0,0.0,0.0,0.0,
3.09,11.593777674608425,2.620593585480501,0.1,-0.0,-0.0,0.9298302709353403,0.0,0.0,0.0,0.0,0.0,0.0,
3.095,11.616575619814947,2.651391502065552,0.1,-0.0,-0.0,0.9335689346821108,0.0,0.0,0.0,0.0,0.0,0.0,
3.1,11.639287383051101,2.6823116743650495,0.1,-0.0,-0.0,0.9372704061916082,0.0,0.0,0.0,0.0,0.0,0.0,
3.105,11.661913517377288,2.713353081491119,0.1,-0.0,-0.0,0.9409354315631113,0.0,0.0,0.0,0.0,0.0,0.0,
3.11,11.684454566093882,2.744514727653179,0.1,-0.0,-0.0,0.9445647771560671,0.0,0.0,0.0,0.0,0.0,0.0,
3.115,11.70691106161757,2.7757956423422625,0.1,-0.0,-0.0,0.9481592290669062,0.0,0.0,0.0,0.0,0.0,0.0,
3.12,11.729283524371406,2.807194880496452,0.1,-0.0,-0.0,0.9517195925955341,0.0,0.0,0.0,0.0,0.0,0.0,
3.125,11.751572461689355,2.8387115226477486,0.1,-0.0,-0.0,0.9552466917016519,0.0,0.0,0.0,0.0,0.0,0.0,
3.13,11.773778366736032,2.870344675050548,0.1,-0.0,-0.0,0.9587413684510689,0.0,0.0,0.0,0.0,0.0,0.0,
3.1350000000000002,11.795901717442346,2.902093469792018,0.1,-0.0,-0.0,0.962204482452164,0.0,0.0,0.0,0.0,0.0,0.0,
3.14,11.817942975457738,2.933957064884547,0.1,-0.0,-0.0,0.965636910282668,0.0,0.0,0.0,0.0,0.0,0.0,
3.145,11.839902585119674,2.9659346443405226,0.1,-0.0,-0.0,0.9690395449069386,0.0,0.0,0.0,0.0,0.0,0.0,
3.15,11.861780972441027,2.998025418229564,0.1,-0.0,-0.0,0.9724132950839075,0.0,0.0,0.0,0.0,0.0,0.0,
3.1550000000000002,11.883578544115979,3.030228622718428,0.1,-0.0,-0.0,0.97575908476588,0.0,0.0,0.0,0.0,0.0,0.0,
3.16,11.905295686545031,3.062543520093708,0.1,-0.0,-0.0,0.9790778524883783,0.0,0.0,0.0,0.0,0.0,0.0,
3.165,11.926932764879734,3.0949693987675126,0.1,-0.0,-0.0,0.9823705507512213,0.0,0.0,0.0,0.0,0.0,0.0,
3.17,11.948490122087664,3.1275055732661903,0.1,-0.0,-0.0,0.9856381453910452,0.0,0.0,0.0,0.0,0.0,0.0,
3.1750000000000003,11.96996807803823,3.16015138420225,0.1,-0.0,-0.0,0.9888816149454663,0.0,0.0,0.0,0.0,0.0,0.0,
3.18,11.991366928609803,3.192906198229538,0.1,-0.0,-0.0,0.992101950009102,0.0,0.0,0.0,0.0,0.0,0.0,
3.185,12.012686944818721,3.2257694079817907,0.1,-0.0,-0.0,0.9953001525816659,0.0,0.0,0.0,0.0,0.0,0.0,
3.19,12.033928371970621,3.2587404319945685,0.1,-0.0,-0.0,0.9984772354083684,0.0,0.0,0.0,0.0,0.0,0.0,
3.1950000000000003,12.05509142883461,3.2918187146106592,0.1,-0.0,-0.0,1.0016342213128453,0.0,0.0,0.0,0.0,0.0,0.0,
3.2,12.07617630684072,3.3250037258689527,0.1,-0.0,-0.0,1.0047721425228613,0.0,0.0,0.0,0.0,0.0,0.0,
3.205,12.097183169301122,3.358294961376846,0.1,-0.0,-0.0,1.0078920399890263,0.0,0.0,0.0,0.0,0.0,0.0,
3.21,12.11811215065548,3.391691942166131,0.1,-0.0,-0.0,1.0109949626967831,0.0,0.0,0.0,0.0,0.0,0.0,
3.215,12.138963355740925,3.4251942145323966,0.1,-0.0,-0.0,1.0140819669719177,0.0,0.0,0.0,0.0,0.0,0.0,
3.22,12.15973685908703,3.4588013498579153,0.1,-0.0,-0.0,1.0171541157798625,0.0,0.0,0.0,0.0,0.0,0.0,
3.225,12.18043270423615,3.492512944417972,0.1,-0.0,-0.0,1.0202124780190618,0.0,0.0,0.0,0.0,0.0,0.0,
3.23,12.20105090308959,3.5263286191706347,0.1,-0.0,-0.0,1.0232581278086785,0.0,0.0,0.0,0.0,0.0,0.0,
3.235,12.221591435279866,3.560248019529871,0.1,-0.0,-0.0,1.0262921437709296,0.0,0.0,0.0,0.0,0.0,0.0,
3.24,12.242054247569516,3.5942708151219955,0.1,-0.0,-0.0,1.0293156083083388,0.0,0.0,0.0,0.0,0.0,0.0,
3.245,12.26243925327674,3.6283966995253567,0.1,-0.0,-0.0,1.0323296068762102,0.0,0.0,0.0,0.0,0.0,0.0,
3.25,12.28274633172825,3.662625389993247,0.1,-0.0,-0.0,1.0353352272506233,0.0,0.0,0.0,0.0,0.0,0.0,
3.255,12.302975327739633,3.696956627159905,0.1,-0.0,-0.0,1.0383335587922689,0.0,0.0,0.0,0.0,0.0,0.0,
3.2600000000000002,12.323126051123577,3.731390174729593,0.1,-0.0,-0.0,1.0413256917064377,0.0,0.0,0.0,0.0,0.0,0.0,
3.265,12.34319827622623,3.765925819148633,0.1,-0.0,-0.0,1.0443127162994938,0.0,0.0,0.0,0.0,0.0,0.0,
3.27,12.363191741492052,3.800563369260394,0.1,-0.0,-0.0,1.0472957222321595,0.0,0.0,0.0,0.0,0.0,0.0,
3.275,12.383106149057403,3.8353026559430843,0.1,-0.0,-0.0,1.0502757977699566,0.0,0.0,0.0,0.0,0.0,0.0,
3.2800000000000002,12.402941164373194,3.870143531730347,0.1,-0.0,-0.0,1.0532540290311438,0.0,0.0,0.0,0.0,0.0,0.0,
3.285,12.422696415856874,3.9050858704145566,0.1,-0.0,-0.0,1.0562314992325057,0.0,0.0,0.0,0.0,0.0,0.0,
3.29,12.442371494574036,3.9401295666328124,0.1,-0.0,-0.0,1.0592092879333461,0.0,0.0,0.0,0.0,0.0,0.0,
3.295,12.461965953949903,3.975274535435527,0.1,-0.0,-0.0,1.0621884702780575,0.0,0.0,0.0,0.0,0.0,0.0,
3.3000000000000003,12.48147930951098,4.010520711837618,0.1,-0.0,-0.0,1.0651701162376261,0.0,0.0,0.0,0.0,0.0,0.0,
3.305,12.500911038657126,4.045868050352254,0.1,-0.0,-0.0,1.068155289850457,0.0,0.0,0.0,0.0,0.0,0.0,
3.31,12.520260580464306,4.081316524507184,0.1,-0.0,-0.0,1.0711450484628933,0.0,0.0,0.0,0.0,0.0,0.0,
3.315,12.539527335518288,4.116866126343598,0.1,-0.0,-0.0,1.0741404419698244,0.0,0.0,0.0,0.0,0.0,0.0,
3.3200000000000003,12.558710665779524,4.1525168658975975,0.1,-0.0,-0.0,1.0771425120557656,0.0,0.0,0.0,0.0,0.0,0.0,
3.325,12.577809894479467,4.188268770664267,0.1,-0.0,-0.0,1.0801522914368156,0.0,0.0,0.0,0.0,0.0,0.0,
3.33,12.596824306048596,4.224121885044465,0.1,-0.0,-0.0,1.0831708031038885,0.0,0.0,0.0,0.0,0.0,0.0,
3.335,12.61575314607635,4.260076269774347,0.1,-0.0,-0.0,1.0861990595676334,0.0,0.0,0.0,0.0,0.0,0.0,
3.34,12.63459562130324,4.296132001337783,0.1,-0.0,-0.0,1.08923806210545,0.0,0.0,0.0,0.0,0.0,0.0,
3.345,12.653350899645375,4.332289171361776,0.1,-0.0,-0.0,1.0922888000110205,0.0,0.0,0.0,0.0,0.0,0.0,
3.35,12.672018110251619,4.368547885995013,0.1,-0.0,-0.0,1.0953522498467785,0.0,0.0,0.0,0.0,0.0,0.0,
3.355,12.69059634359365,4.404908265269806,0.1,-0.0,-0.0,1.098429374699744,0.0,0.0,0.0,0.0,0.0,0.0,
3.36,12.709084651589103,4.441370442447537,0.1,-0.0,-0.0,1.1015211234411546,0.0,0.0,0.0,0.0,0.0,0.0,
3.365,12.727482047758055,4.477934563347937,0.1,-0.0,-0.0,1.1046284299903268,0.0,0.0,0.0,0.0,0.0,0.0,
3.37,12.745787507413072,4.514600785662402,0.1,-0.0,-0.0,1.1077522125831911,0.0,0.0,0.0,0.0,0.0,0.0,
3.375,12.763999967883038,4.5513692782517445,0.1,-0.0,-0.0,1.1108933730459392,0.0,0.0,0.0,0.0,0.0,0.0,
3.38,12.782118328770979,4.58824022042862,0.1,-0.0,-0.0,1.1140527960742372,0.0,0.0,0.0,0.0,0.0,0.0,
3.3850000000000002,12.800141452246091,4.625213801225094,0.1,-0.0,-0.0,1.117231348518451,0.0,0.0,0.0,0.0,0.0,0.0,
3.39,12.818068163370192,4.6622902186457065,0.1,-0.0,-0.0,1.1204298786753406,0.0,0.0,0.0,0.0,0.0,0.0,
3.395,12.835897250458803,4.6994696789065555,0.1,-0.0,-0.0,1.1236492155866806,0.0,0.0,0.0,0.0,0.0,0.0,
3.4,12.853627465477043,4.736752395660816,0.1,-0.0,-0.0,1.1268901683452728,0.0,0.0,0.0,0.0,0.0,0.0,
3.4050000000000002,12.871257524470533,4.774138589211295,0.1,-0.0,-0.0,1.1301535254088082,0.0,0.0,0.0,0.0,0.0,0.0,
3.41,12.8887861080315,4.811628485710547,0.1,-0.0,-0.0,1.1334400539220542,0.0,0.0,0.0,0.0,0.0,0.0,
3.415,12.906211861800267,4.849222316349236,0.1,-0.0,-0.0,1.1367504990478299,0.0,0.0,0.0,0.0,0.0,0.0,
3.42,12.923533397002265,4.886920316533319,0.1,-0.0,-0.0,1.1400855833072512,0.0,0.0,0.0,0.0,0.0,0.0,
3.4250000000000003,12.940749291020753,4.924722725050827,0.1,-0.0,-0.0,1.143446005929715,0.0,0.0,0.0,0.0,0.0,0.0,
3.43,12.95785808800538,4.962629783228939,0.1,-0.0,-0.0,1.146832442213104,0.0,0.0,0.0,0.0,0.0,0.0,
3.435,12.974858299516741,5.000641734082191,0.1,-0.0,-0.0,1.150245542894693,0.0,0.0,0.0,0.0,0.0,0.0,
3.44,12.991748405207012,5.038758821452605,0.1,-0.0,-0.0,1.1536859335332394,0.0,0.0,0.0,0.0,0.0,0.0,
3.4450000000000003,13.008526853536816,5.076981289142645,0.1,-0.0,-0.0,1.1571542139027429,0.0,0.0,0.0,0.0,0.0,0.0,
3.45,13.025192062528367,5.115309380041907,0.1,-0.0,-0.0,1.16065095739836,0.0,0.0,0.0,0.0,0.0,0.0,
3.455,13.041742420555007,5.153743335248552,0.1,-0.0,-0.0,1.1641767104549643,0.0,0.0,0.0,0.0,0.0,0.0,
3.46,13.058176287167148,5.192283393186421,0.1,-0.0,-0.0,1.1677319919788403,0.0,0.0,0.0,0.0,0.0,0.0,
3.465,13.074491993954688,5.230929788718948,0.1,-0.0,-0.0,1.1713172927930027,0.0,0.0,0.0,0.0,0.0,0.0,
3.47,13.090687845445888,5.269682752260942,0.1,-0.0,-0.0,1.1749330750966342,0.0,0.0,0.0,0.0,0.0,0.0,
3.475,13.106762120042708,5.308542508889364,0.1,-0.0,-0.0,1.1785797719391329,0.0,0.0,0.0,0.0,0.0,0.0,
3.48,13.122713070992559,5.3475092774543205,0.1,-0.0,-0.0,1.1822577867092636,0.0,0.0,0.0,0.0,0.0,0.0,
3.485,13.138538927396402,5.386583269691436,0.1,-0.0,-0.0,1.1859674926399113,0.0,0.0,0.0,0.0,0.0,0.0,
3.49,13.154237895253113,5.42576468933691,0.1,-0.0,-0.0,1.1897092323289225,0.0,0.0,0.0,0.0,0.0,0.0,
3.495,13.169808158539949,5.465053731246508,0.1,-0.0,-0.0,1.1934833172765371,0.0,0.0,0.0,0.0,0.0,0.0,
3.5,13.185247880329001,5.504450580519881,0.1,-0.0,-0.0,1.1972900274398983,0.0,0.0,0.0,0.0,0.0,0.0,
3.505,13.2005552039394,5.543955411631506,0.1,-0.0,-0.0,1.2011296108051386,0.0,0.0,0.0,0.0,0.0,0.0,
3.5100000000000002,13.215728254125061,5.5835683875696915,0.1,-0.0,-0.0,1.2050022829775278,0.0,0.0,0.0,0.0,0.0,0.0,
3.515,13.230765138297675,5.623289658985046,0.1,-0.0,-0.0,1.2089082267901792,0.0,0.0,0.0,0.0,0.0,0.0,
3.52,13.245663947784664,5.663119363349908,0.1,-0.0,-0.0,1.212847591931798,0.0,0.0,0.0,0.0,0.0,0.0,
3.525,13.260422759121688,5.703057624130163,0.1,-0.0,-0.0,1.2168204945939638,0.0,0.0,0.0,0.0,0.0,0.0,
3.5300000000000002,13.275039635379365,5.743104549970981,0.1,-0.0,-0.0,1.2208270171384241,0.0,0.0,0.0,0.0,0.0,0.0,
3.535,13.289512627523683,5.78326023389799,0.1,-0.0,-0.0,1.2248672077848872,0.0,0.0,0.0,0.0,0.0,0.0,
3.54,13.303839775809667,5.823524752535448,0.1,-0.0,-0.0,1.2289410803197856,0.0,0.0,0.0,0.0,0.0,0.0,
3.545,13.3180191112077,5.863898165342929,0.1,-0.0,-0.0,1.2330486138264902,0.0,0.0,0.0,0.0,0.0,0.0,
3.5500000000000003,13.332048656861915,5.904380513872122,0.1,-0.0,-0.0,1.2371897524374387,0.0,0.0,0.0,0.0,0.0,0.0,
3.555,13.345926429579984,5.944971821045289,0.1,-0.0,-0.0,1.2413644051086465,0.0,0.0,0.0,0.0,0.0,0.0,
3.56,13.359650441353619,5.985672090457013,0.1,-0.0,-0.0,1.2455724454170567,0.0,0.0,0.0,0.0,0.0,0.0,
3.565,13.373218700908955,6.026481305700741,0.1,-0.0,-0.0,1.2498137113811851,0.0,0.0,0.0,0.0,0.0,0.0,
3.5700000000000003,13.38662921528603,6.067399429721765,0.1,-0.0,-0.0,1.2540880053055043,0.0,0.0,0.0,0.0,0.0,0.0,
3.575,13.399879991446427,6.108426404198152,0.1,-0.0,-0.0,1.258395093649006,0.0,0.0,0.0,0.0,0.0,0.0,
3.58,13.412969037908162,6.149562148951253,0.1,-0.0,-0.0,1.2627347069183734,0.0,0.0,0.0,0.0,0.0,0.0,
3.585,13.425894366406744,6.190806561387247,0.1,-0.0,-0.0,1.2671065395861894,0.0,0.0,0.0,0.0,0.0,0.0,
3.59,13.438653993581365,6.2321595159713175,0.1,-0.0,-0.0,1.2715102500345876,0.0,0.0,0.0,0.0,0.0,0.0,
3.595,13.45124594268504,6.273620863735916,0.1,-0.0,-0.0,1.2759454605247567,0.0,0.0,0.0,0.0,0.0,0.0,
3.6,13.463668245317484,6.3151904318245835,0.1,-0.0,-0.0,1.2804117571926856,0.0,0.0,0.0,0.0,0.0,0.0,
3.605,13.475918943179465,6.356868023072817,0.1,-0.0,-0.0,1.284908690071535,0.0,0.0,0.0,0.0,0.0,0.0,
3.61,13.48799608984724,6.398653415627301,0.1,-0.0,-0.0,1.2894357731410024,0.0,0.0,0.0,0.0,0.0,0.0,
3.615,13.499897752565685,6.440546362604929,0.1,-0.0,-0.0,1.2939924844040385,0.0,0.0,0.0,0.0,0.0,0.0,
3.62,13.511622014058629,6.482546591792866,0.1,-0.0,-0.0,1.2985782659912544,0.0,0.0,0.0,0.0,0.0,0.0,
3.625,13.523166974354835,6.524653805390991,0.1,-0.0,-0.0,1.3031925242933509,0.0,0.0,0.0,0.0,0.0,0.0,
3.63,13.534530752628013,6.566867679797812,0.1,-0.0,-0.0,1.3078346301218824,0.0,0.0,0.0,0.0,0.0,0.0,
3.6350000000000002,13.545711489049191,6.60918786544109,0.1,-0.0,-0.0,1.3125039188986478,0.0,0.0,0.0,0.0,0.0,0.0,
3.64,13.556707346649667,6.651613986654166,0.1,-0.0,-0.0,1.3171996908739914,0.0,0.0,0.0,0.0,0.0,0.0,
3.645,13.567516513192782,6.694145641599076,0.1,-0.0,-0.0,1.3219212113742704,0.0,0.0,0.0,0.0,0.0,0.0,
3.65,13.578137203052602,6.73678240223729,0.1,-0.0,-0.0,1.326667711078738,0.0,0.0,0.0,0.0,0.0,0.0,
3.6550000000000002,13.588567659097592,6.779523814348986,0.1,-0.0,-0.0,1.3314383863260546,0.0,0.0,0.0,0.0,0.0,0.0,
3.66,13.598806154577295,6.822369397601567,0.1,-0.0,-0.0,1.3362323994506382,0.0,0.0,0.0,0.0,0.0,0.0,
3.665,13.608850995009982,6.865318645668172,0.1,-0.0,-0.0,1.3410488791490243,0.0,0.0,0.0,0.0,0.0,0.0,
3.67,13.61870052006916,6.90837102639665,0.1,-0.0,-0.0,1.345886920876403,0.0,0.0,0.0,0.0,0.0,0.0,
3.6750000000000003,13.628353105466795,6.95152598202957,0.1,-0.0,-0.0,1.3507455872734588,0.0,0.0,0.0,0.0,0.0,0.0,
3.68,13.637807164831077,6.9947829294755755,0.1,-0.0,-0.0,1.3556239086236275,0.0,0.0,0.0,0.0,0.0,0.0,
3.685,13.647061151576462,7.038141260632432,0.1,-0.0,-0.0,1.3605208833408522,0.0,0.0,0.0,0.0,0.0,0.0,
3.69,13.656113560763735,7.081600342761844,0.1,-0.0,-0.0,1.365435478487905,0.0,0.0,0.0,0.0,0.0,0.0,
3.6950000000000003,13.664962930947771,7.125159518916167,0.1,-0.0,-0.0,1.3703666303252953,0.0,0.0,0.0,0.0,0.0,0.0,
3.7,13.673607846010643,7.168818108416891,0.1,-0.0,-0.0,1.37531324489078,0.0,0.0,0.0,0.0,0.0,0.0,
3.705,13.682046936977725,7.212575407384788,0.1,-0.0,-0.0,1.380274198609446,0.0,0.0,0.0,0.0,0.0,0.0,
3.71,13.690278883814361,7.256430689321332,0.1,-0.0,-0.0,1.3852483389343195,0.0,0.0,0.0,0.0,0.0,0.0,
3.715,13.6983024172007,7.300383205741042,0.1,-0.0,-0.0,1.3902344850174138,0.0,0.0,0.0,0.0,0.0,0.0,
3.72,13.706116320282263,7.344432186854163,0.1,-0.0,-0.0,1.395231428411108,0.0,0.0,0.0,0.0,0.0,0.0,
3.725,13.713719430393793,7.388576842299,0.1,-0.0,-0.0,1.4002379337997144,0.0,0.0,0.0,0.0,0.0,0.0,
3.73,13.721110640753947,7.4328163619231615,0.1,-0.0,-0.0,1.4052527397610561,0.0,0.0,0.0,0.0,0.0,0.0,
3.735,13.728288902128376,7.4771499166127,0.1,-0.0,-0.0,1.4102745595578567,0.0,0.0,0.0,0.0,0.0,0.0,
3.74,13.735253224458752,7.521576659168161,0.1,-0.0,-0.0,1.4153020819586943,0.0,0.0,0.0,0.0,0.0,0.0,
3.745,13.74200267845531,7.566095725226302,0.1,-0.0,-0.0,1.420333972088255,0.0,0.0,0.0,0.0,0.0,0.0,
3.75,13.748536397150504,7.610706234226228,0.1,-0.0,-0.0,1.4253688723065772,0.0,0.0,0.0,0.0,0.0,0.0,
3.755,13.754853577411353,7.655407290418441,0.1,-0.0,-0.0,1.4304054031169515,0.0,0.0,0.0,0.0,0.0,0.0,
3.7600000000000002,13.760953481408144,7.700197983915271,0.1,-0.0,-0.0,1.4354421641021002,0.0,0.0,0.0,0.0,0.0,0.0,
3.765,13.766835438037134,7.745077391780984,0.1,-0.0,-0.0,1.4404777348882307,0.0,0.0,0.0,0.0,0.0,0.0,
3.77,13.772498844294969,7.790044579159784,0.1,-0.0,-0.0,1.44551067613652,0.0,0.0,0.0,0.0,0.0,0.0,
3.775,13.777943166602565,7.835098600439733,0.1,-0.0,-0.0,1.4505395305615596,0.0,0.0,0.0,0.0,0.0,0.0,
3.7800000000000002,13.783167942076245,7.880238500450574,0.1,-0.0,-0.0,1.4555628239762428,0.0,0.0,0.0,0.0,0.0,0.0,
3.785,13.788172779743984,7.9254633156932695,0.1,-0.0,-0.0,1.4605790663625529,0.0,0.0,0.0,0.0,0.0,0.0,
3.79,13.792957361704676,7.97077207559904,0.1,-0.0,-0.0,1.4655867529676696,0.0,0.0,0.0,0.0,0.0,0.0,
3.795,13.797521444228396,8.01616380381545,0.1,-0.0,-0.0,1.4705843654247865,0.0,0.0,0.0,0.0,0.0,0.0,
3.8000000000000003,13.801864858795689,8.06163751951714,0.1,-0.0,-0.0,1.475570372897978,0.0,0.0,0.0,0.0,0.0,0.0,
3.805,13.805987513074031,8.10719223873857,0.1,-0.0,-0.0,1.4805432332504436,0.0,0.0,0.0,0.0,0.0,0.0,
3.81,13.809889391829625,8.152826975726201,0.1,-0.0,-0.0,1.4855013942354034,0.0,0.0,0.0,0.0,0.0,0.0,
3.815,13.813570557772833,8.198540744307287,0.1,-0.0,-0.0,1.4904432947089052,0.0,0.0,0.0,0.0,0.0,0.0,
3.8200000000000003,13.817031152335595,8.244332559272513,0.1,-0.0,-0.0,1.4953673658637456,0.0,0.0,0.0,0.0,0.0,0.0,
3.825,13.820271396379294,8.290201437769564,0.1,-0.0,-0.0,1.5002720324836987,0.0,0.0,0.0,0.0,0.0,0.0,
3.83,13.823291590831612,8.33614640070473,0.1,-0.0,-0.0,1.505155714217197,0.0,0.0,0.0,0.0,0.0,0.0,
3.835,13.826092117251024,8.382166474149445,0.1,-0.0,-0.0,1.5100168268695902,0.0,0.0,0.0,0.0,0.0,0.0,
3.84,13.828673438317658,8.428260690748807,0.1,-0.0,-0.0,1.5148537837130625,0.0,0.0,0.0,0.0,0.0,0.0,
3.845,13.831036098249387,8.47442809112892,0.1,-0.0,-0.0,1.5196649968132707,0.0,0.0,0.0,0.0,0.0,0.0,
3.85,13.833180723142073,8.520667725299937,0.1,-0.0,-0.0,1.5244488783717314,0.0,0.0,0.0,0.0,0.0,0.0,
3.855,13.835108021233042,8.566978654051733,0.1,-0.0,-0.0,1.5292038420829512,0.0,0.0,0.0,0.0,0.0,0.0,
3.86,13.836818783086919,8.613359950338912,0.1,-0.0,-0.0,1.5339283045052787,0.0,0.0,0.0,0.0,0.0,0.0,
3.865,13.838313881703113,8.659810700652114,0.1,-0.0,-0.0,1.5386206864444125,0.0,0.0,0.0,0.0,0.0,0.0,
3.87,13.839594272544312,8.706330006372335,0.1,-0.0,-0.0,1.5432794143484871,0.0,0.0,0.0,0.0,0.0,0.0,
3.875,13.84066099348546,8.752916985105237,0.1,-0.0,-0.0,1.5479029217136258,0.0,0.0,0.0,0.0,0.0,0.0,
3.88,13.841515164682834,8.79957077199219,0.1,-0.0,-0.0,1.5524896504988281,0.0,0.0,0.0,0.0,0.0,0.0,
3.8850000000000002,13.84215798836288,8.846290520995035,0.1,-0.0,-0.0,1.5570380525490308,0.0,0.0,0.0,0.0,0.0,0.0,
3.89,13.84259074853064,8.893075406151441,0.1,-0.0,-0.0,1.561546591025164,0.0,0.0,0.0,0.0,0.0,0.0,
3.895,13.842814810597657,8.939924622797925,0.1,-0.0,-0.0,1.5660137418399966,0.0,0.0,0.0,0.0,0.0,0.0,
3.9,13.842831620929383,8.986837388757488,0.1,-0.0,-0.0,1.5704379950985543,0.0,0.0,0.0,0.0,0.0,0.0,
3.9050000000000002,13.842642706312185,9.033812945489046,0.1,-0.0,-0.0,1.5748178565418551,0.0,0.0,0.0,0.0,0.0,0.0,
3.91,13.842249673340184,9.080850559195806,0.1,-0.0,-0.0,1.5791518489927097,0.0,0.0,0.0,0.0,0.0,0.0,
3.915,13.841654207722204,9.12794952188991,0.1,-0.0,-0.0,1.5834385138022982,0.0,0.0,0.0,0.0,0.0,0.0,
3.92,13.840858073509258,9.175109152410649,0.1,-0.0,-0.0,1.5876764122962335,0.0,0.0,0.0,0.0,0.0,0.0,
3.9250000000000003,13.839863112243057,9.22232879739377,0.1,-0.0,-0.0,1.5918641272187886,0.0,0.0,0.0,0.0,0.0,0.0,
3.93,13.838671242026102,9.269607832189415,0.1,-0.0,-0.0,1.5960002641739657,0.0,0.0,0.0,0.0,0.0,0.0,
3.935,13.837284456514052,9.316945661726443,0.1,-0.0,-0.0,1.6000834530620607,0.0,0.0,0.0,0.0,0.0,0.0,
3.94,13.835704823831081,9.36434172132089,0.1,-0.0,-0.0,1.6041123495103724,0.0,0.0,0.0,0.0,0.0,0.0,
3.9450000000000003,13.833934485409067,9.411795477426578,0.1,-0.0,-0.0,1.6080856362966829,0.0,0.0,0.0,0.0,0.0,0.0,
3.95,13.831975654751476,9.459306428325915,0.1,-0.0,-0.0,1.6120020247641353,0.0,0.0,0.0,0.0,0.0,0.0,
3.955,13.829830616122932,9.50687410475921,0.1,-0.0,-0.0,1.615860256226119,0.0,0.0,0.0,0.0,0.0,0.0,
3.96,13.82750172316546,9.554498070490789,0.1,-0.0,-0.0,1.6196591033597678,0.0,0.0,0.0,0.0,0.0,0.0,
3.9650000000000003,13.824991397442506,9.602177922810554,0.1,-0.0,-0.0,1.6233973715866616,0.0,0.0,0.0,0.0,0.0,0.0,
3.97,13.822302126911858,9.649913292969625,0.1,-0.0,-0.0,1.627073900439325,0.0,0.0,0.0,0.0,0.0,0.0,
3.975,13.819436464328653,9.69770384654903,0.1,-0.0,-0.0,1.6306875649121,0.0,0.0,0.0,0.0,0.0,0.0,
3.98,13.81639702557971,9.745549283760408,0.1,-0.0,-0.0,1.6342372767949744,0.0,0.0,0.0,0.0,0.0,0.0,
3.985,13.813186487950448,9.793449339678007,0.1,-0.0,-0.0,1.637721985988937,0.0,0.0,0.0,0.0,0.0,0.0,
3.99,13.809807588325725,9.841403784401388,0.1,-0.0,-0.0,1.641140681801427,0.0,0.0,0.0,0.0,0.0,0.0,
3.995,13.80626312132592,9.889412423148366,0.1,-0.0,-0.0,1.6444923942204506,0.0,0.0,0.0,0.0,0.0,0.0,
4.0,13.80255593737964,9.93747509627807,0.1,-0.0,-0.0,1.6477761951659258,0.0,0.0,0.0,0.0,0.0,0.0,
4.005,13.798688940734479,9.985591679243948,0.1,-0.0,-0.0,1.6541365673126873,0.0,0.0,0.0,0.0,0.0,0.0,
4.01,13.794665087407216,10.033762082476969,0.1,-0.0,-0.0,1.6541365673126873,0.0,0.0,0.0,0.0,0.0,0.0,
4.015,13.790487398606958,10.08198607190985,0.1,-0.0,-0.0,1.6572115029280428,0.0,0.0,0.0,0.0,0.0,0.0,
4.0200000000000005,13.786159041629466,10.130263455910073,0.1,-0.0,-0.0,1.6602132511917655,0.0,0.0,0.0,0.0,0.0,0.0,
4.025,13.781683327283469,10.178594086127646,0.1,-0.0,-0.0,1.6631391191502434,0.0,0.0,0.0,0.0,0.0,0.0,
4.03,13.777063707190294,10.226977858192738,0.1,-0.0,-0.0,1.6659864786566196,0.0,0.0,0.0,0.0,0.0,0.0,
4.035,13.77230377096098,10.275414712260146,0.1,-0.0,-0.0,1.6687527687005208,0.0,0.0,0.0,0.0,0.0,0.0,
4.04,13.767407243255008,10.323904633398312,0.1,-0.0,-0.0,1.6714354976764034,0.0,0.0,0.0,0.0,0.0,0.0,
4.045,13.762377980724859,10.37244765182106,0.1,-0.0,-0.0,1.6740322455887615,0.0,0.0,0.0,0.0,0.0,0.0,
4.05,13.757219968850528,10.421043842960762,0.1,-0.0,-0.0,1.6765406661925113,0.0,0.0,0.0,0.0,0.0,0.0,
4.055,13.751937318668167,10.469693327382247,0.1,-0.0,-0.0,1.6789584890669624,0.0,0.0,0.0,0.0,0.0,0.0,
4.0600000000000005,13.746534263396944,10.518396270537318,0.1,-0.0,-0.0,1.681283521621867,0.0,0.0,0.0,0.0,0.0,0.0,
4.065,13.741015154968137,10.567152882360208,0.1,-0.0,-0.0,1.6835136510341262,0.0,0.0,0.0,0.0,0.0,0.0,
4.07,13.735384460460438,10.615963416705098,0.1,-0.0,-0.0,1.6856468461138114,0.0,0.0,0.0,0.0,0.0,0.0,
4.075,13.729646758445329,10.664828170627025,0.1,-0.0,-0.0,1.6876811590982466,0.0,0.0,0.0,0.0,0.0,0.0,
4.08,13.723806735246292,10.713747483508392,0.1,-0.0,-0.0,1.6896147273729618,0.0,0.0,0.0,0.0,0.0,0.0,
4.085,13.717869181115498,10.762721736033589,0.1,-0.0,-0.0,1.6914457751184222,0.0,0.0,0.0,0.0,0.0,0.0,
4.09,13.71183898633151,10.811751349014909,0.1,-0.0,-0.0,1.693172614881494,0.0,0.0,0.0,0.0,0.0,0.0,
4.095,13.7057211372214,10.860836782073374,0.1,-0.0,-0.0,1.6947936490706896,0.0,0.0,0.0,0.0,0.0,0.0,
4.1,13.699520712110518,10.909978532178616,0.1,-0.0,-0.0,1.696307371374296,0.0,0.0,0.0,0.0,0.0,0.0,
4.105,13.693242877203073,10.95917713205248,0.1,-0.0,-0.0,1.6977123681005588,0.0,0.0,0.0,0.0,0.0,0.0,
4.11,13.686892882396467,11.008433148441384,0.1,-0.0,-0.0,1.6990073194391548,0.0,0.0,0.0,0.0,0.0,0.0,
4.115,13.680476057032246,11.057747180263155,0.1,-0.0,-0.0,1.7001910006432415,0.0,0.0,0.0,0.0,0.0,0.0,
4.12,13.673997805586344,11.10711985663415,0.1,-0.0,-0.0,1.7012622831314357,0.0,0.0,0.0,0.0,0.0,0.0,
4.125,13.667463603301202,11.156551834783233,0.1,-0.0,-0.0,1.7022201355091144,0.0,0.0,0.0,0.0,0.0,0.0,
4.13,13.660878991762168,11.206043797859381,0.1,-0.0,-0.0,1.7030636245084938,0.0,0.0,0.0,0.0,0.0,0.0,
4.135,13.65424957442049,11.255596452640093,0.1,-0.0,-0.0,1.703791915846978,0.0,0.0,0.0,0.0,0.0,0.0,
4.14,13.647581012065087,11.3052105271482,0.1,-0.0,-0.0,1.7044042750033221,0.0,0.0,0.0,0.0,0.0,0.0,
4.1450000000000005,13.640879018245165,11.354886768184928,0.1,-0.0,-0.0,1.7049000679111899,0.0,0.0,0.0,0.0,0.0,0.0,
4.15,13.634149354645666,11.404625938787369,0.1,-0.0,-0.0,1.7052787615697325,0.0,0.0,0.0,0.0,0.0,0.0,
4.155,13.627397826417434,11.454428815618945,0.1,-0.0,-0.0,1.7055399245708445,0.0,0.0,0.0,0.0,0.0,0.0,
4.16,13.62063027746394,11.504296186301417,0.1,-0.0,-0.0,1.7056832275427973,0.0,0.0,0.0,0.0,0.0,0.0,
4.165,13.613852585686312,11.554228846697509,0.1,-0.0,-0.0,1.7057084435099779,0.0,0.0,0.0,0.0,0.0,0.0,
4.17,13.607070658188416,11.60422759815325,0.1,-0.0,-0.0,1.7056154481684977,0.0,0.0,0.0,0.0,0.0,0.0,
4.175,13.600290426443683,11.654293244709345,0.1,-0.0,-0.0,1.7054042200774682,0.0,0.0,0.0,0.0,0.0,0.0,
4.18,13.593517841425385,11.704426590291051,0.1,-0.0,-0.0,1.7050748407657657,0.0,0.0,0.0,0.0,0.0,0.0,
4.1850000000000005,13.58675886870206,11.754628435886122,0.1,-0.0,-0.0,1.7046274947541482,0.0,0.0,0.0,0.0,0.0,0.0,
4.19,13.580019483499846,11.804899576720434,0.1,-0.0,-0.0,1.704062469492607,0.0,0.0,0.0,0.0,0.0,0.0,
4.195,13.57330566573348,11.85524079944113,0.1,-0.0,-0.0,1.703380155212874,0.0,0.0,0.0,0.0,0.0,0.0,
4.2,13.566623395007838,11.905652879316843,0.1,-0.0,-0.0,1.7025810446960346,0.0,0.0,0.0,0.0,0.0,0.0,
4.205,13.55997864559194,11.956136577464848,0.1,-0.0,-0.0,1.7016657329552254,0.0,0.0,0.0,0.0,0.0,0.0,
4.21,13.553377381367465,12.00669263811478,0.1,-0.0,-0.0,1.700634916833435,0.0,0.0,0.0,0.0,0.0,0.0,
4.215,13.546825550753919,12.057321785918543,0.1,-0.0,-0.0,1.6994893945164526,0.0,0.0,0.0,0.0,0.0,0.0,
4.22,13.540329081612773,12.108024723315928,0.1,-0.0,-0.0,1.6982300649610542,0.0,0.0,0.0,0.0,0.0,0.0,
4.225,13.533893876132982,12.158802127965318,0.1,-0.0,-0.0,1.696857927238544,0.0,0.0,0.0,0.0,0.0,0.0,
4.23,13.527525805700526,12.20965465024871,0.1,-0.0,-0.0,1.69537407979382,0.0,0.0,0.0,0.0,0.0,0.0,
4.235,13.521230705754759,12.26058291086004,0.1,-0.0,-0.0,1.6937797196201658,0.0,0.0,0.0,0.0,0.0,0.0,
4.24,13.515014370634528,12.311587498485714,0.1,-0.0,-0.0,1.6920761413500232,0.0,0.0,0.0,0.0,0.0,0.0,
4.245,13.508882548417294,12.362668967585762,0.1,-0.0,-0.0,1.6902647362620402,0.0,0.0,0.0,0.0,0.0,0.0,
4.25,13.502840935754614,12.41382783628394,0.1,-0.0,-0.0,1.6883469912047517,0.0,0.0,0.0,0.0,0.0,0.0,
4.255,13.496895172707667,12.46506458437473,0.1,-0.0,-0.0,1.6863244874372927,0.0,0.0,0.0,0.0,0.0,0.0,
4.26,13.49105083758662,12.516379651454807,0.1,-0.0,-0.0,1.6841988993876094,0.0,0.0,0.0,0.0,0.0,0.0,
4.265,13.485313441797986,12.567773435186199,0.1,-0.0,-0.0,1.6819719933286914,0.0,0.0,0.0,0.0,0.0,0.0,
4.2700000000000005,13.479688424704262,12.619246289697971,0.1,-0.0,-0.0,1.6796456259734136,0.0,0.0,0.0,0.0,0.0,0.0,
4.275,13.474181148500433,12.670798524132763,0.1,-0.0,-0.0,1.6772217429886422,0.0,0.0,0.0,0.0,0.0,0.0,
4.28,13.468796893112144,12.722430401344251,0.1,-0.0,-0.0,1.6747023774293368,0.0,0.0,0.0,0.0,0.0,0.0,
4.285,13.46354085112058,12.774142136750797,0.1,-0.0,-0.0,1.6720896480934433,0.0,0.0,0.0,0.0,0.0,0.0,
4.29,13.458418122719316,12.825933897350358,0.1,-0.0,-0.0,1.6693857577984674,0.0,0.0,0.0,0.0,0.0,0.0,
4.295,13.453433710708623,12.877805800901042,0.1,-0.0,-0.0,1.666592991580682,0.0,0.0,0.0,0.0,0.0,0.0,
4.3,13.44859251553295,12.929757915271148,0.1,-0.0,-0.0,1.6637137148180203,0.0,0.0,0.0,0.0,0.0,0.0,
4.305,13.443899330367435,12.98179025796202,0.1,-0.0,-0.0,1.6607503712777836,0.0,0.0,0.0,0.0,0.0,0.0,
4.3100000000000005,13.43935883625959,13.033902795806409,0.1,-0.0,-0.0,1.65770548109039,0.0,0.0,0.0,0.0,0.0,0.0,
4.315,13.434975597332366,13.086095444844416,0.1,-0.0,-0.0,1.6545816386504781,0.0,0.0,0.0,0.0,0.0,0.0,
4.32,13.430754056055031,13.138368070378622,0.1,-0.0,-0.0,1.651381510446778,0.0,0.0,0.0,0.0,0.0,0.0,
4.325,13.426698528588407,13.190720487209102,0.1,-0.0,-0.0,1.6481078328222485,0.0,0.0,0.0,0.0,0.0,0.0,
4.33,13.422813200211108,13.243152460048668,0.1,-0.0,-0.0,1.6447634096660968,0.0,0.0,0.0,0.0,0.0,0.0,
4.335,13.419102120833545,13.29566370411786,0.1,-0.0,-0.0,1.6413511100393738,0.0,0.0,0.0,0.0,0.0,0.0,
4.34,13.4155692006065,13.348253885918632,0.1,-0.0,-0.0,1.637873865735953,0.0,0.0,0.0,0.0,0.0,0.0,
4.345,13.412218205631131,13.400922624184988,0.1,-0.0,-0.0,1.6343346687807963,0.0,0.0,0.0,0.0,0.0,0.0,
4.3500000000000005,13.409052753777283,13.453669491008183,0.1,-0.0,-0.0,1.6307365688675086,0.0,0.0,0.0,0.0,0.0,0.0,
4.355,13.406076310616962,13.50649401313343,0.1,-0.0,-0.0,1.6270826707372883,0.0,0.0,0.0,0.0,0.0,0.0,
4.36,13.403292185479797,13.559395673424515,0.1,-0.0,-0.0,1.6233761315014748,0.0,0.0,0.0,0.0,0.0,0.0,
4.365,13.400703527637242,13.612373912491845,0.1,-0.0,-0.0,1.6196201579099887,0.0,0.0,0.0,0.0,0.0,0.0,
4.37,13.39831332262218,13.66542813047911,0.1,-0.0,-0.0,1.6158180035680714,0.0,0.0,0.0,0.0,0.0,0.0,
4.375,13.396124388690449,13.718557689002914,0.1,-0.0,-0.0,1.6119729661038054,0.0,0.0,0.0,0.0,0.0,0.0,
4.38,13.394139373430688,13.771761913239216,0.1,-0.0,-0.0,1.6080883842889986,0.0,0.0,0.0,0.0,0.0,0.0,
4.385,13.392360750528665,13.825040094149852,0.1,-0.0,-0.0,1.604167635116103,0.0,0.0,0.0,0.0,0.0,0.0,
4.39,13.390790816692098,13.87839149084179,0.1,-0.0,-0.0,1.6002141308339186,0.0,0.0,0.0,0.0,0.0,0.0,
4.3950000000000005,13.389431688741695,13.931815333051292,0.1,-0.0,-0.0,1.5962313159449186,0.0,0.0,0.0,0.0,0.0,0.0,
4.4,13.388285300873894,13.985310823744578,0.1,-0.0,-0.0,1.5922226641671002,0.0,0.0,0.0,0.0,0.0,0.0,
4.405,13.387353402100489,14.038877141826266,0.1,-0.0,-0.0,1.5881916753633494,0.0,0.0,0.0,0.0,0.0,0.0,
4.41,13.386637553870012,14.09251344494611,0.1,-0.0,-0.0,1.5841418724413525,0.0,0.0,0.0,0.0,0.0,0.0,
4.415,13.3861391278754,14.146218872394499,0.1,-0.0,-0.0,1.5800767982271766,0.0,0.0,0.0,0.0,0.0,0.0,
4.42,13.385859304052127,14.199992548076517,0.1,-0.0,-0.0,1.5760000123156663,0.0,0.0,0.0,0.0,0.0,0.0,
4.425,13.385799068770599,14.253833583554185,0.1,-0.0,-0.0,1.5719150879008725,0.0,0.0,0.0,0.0,0.0,0.0,
4.43,13.385959213226188,14.307741081146096,0.1,-0.0,-0.0,1.5678256085897622,0.0,0.0,0.0,0.0,0.0,0.0,
4.4350000000000005,13.386340332029944,14.361714137073497,0.1,-0.0,-0.0,1.5637351652024931,0.0,0.0,0.0,0.0,0.0,0.0,
4.44,13.386942822002492,14.415751844641472,0.1,-0.0,-0.0,1.5596473525625707,0.0,0.0,0.0,0.0,0.0,0.0,
4.445,13.387766881173313,14.469853297444017,0.1,-0.0,-0.0,1.5555657662802216,0.0,0.0,0.0,0.0,0.0,0.0,
4.45,13.388812507987046,14.524017592581217,0.1,-0.0,-0.0,1.5514939995323285,0.0,0.0,0.0,0.0,0.0,0.0,
4.455,13.3900795007181,14.578243833877071,0.1,-0.0,-0.0,1.5474356398422913,0.0,0.0,0.0,0.0,0.0,0.0,
4.46,13.391567457094357,14.632531135086204,0.1,-0.0,-0.0,1.5433942658631656,0.0,0.0,0.0,0.0,0.0,0.0,
4.465,13.393275774130316,14.686878623077794,0.1,-0.0,-0.0,1.5393734441674278,0.0,0.0,0.0,0.0,0.0,0.0,
4.47,13.39520364816959,14.741285440985083,0.1,-0.0,-0.0,1.5353767260467022,0.0,0.0,0.0,0.0,0.0,0.0,
4.4750000000000005,13.397350075136206,14.795750751308935,0.1,-0.0,-0.0,1.531407644324763,0.0,0.0,0.0,0.0,0.0,0.0,
4.48,13.399713850993747,14.850273738963972,0.1,-0.0,-0.0,1.5274697101870955,0.0,0.0,0.0,0.0,0.0,0.0,
4.485,13.402293572410926,14.904853614256208,0.1,-0.0,-0.0,1.5235664100302664,0.0,0.0,0.0,0.0,0.0,0.0,
4.49,13.405087637631793,14.959489615780974,0.1,-0.0,-0.0,1.5197012023343037,0.0,0.0,0.0,0.0,0.0,0.0,
4.495,13.408094247548355,15.014181013230578,0.1,-0.0,-0.0,1.5158775145612573,0.0,0.0,0.0,0.0,0.0,0.0,
4.5,13.411311406973036,15.068927110101173,0.1,-0.0,-0.0,1.512098740083034,0.0,0.0,0.0,0.0,0.0,0.0,
4.505,13.414736926108008,15.1237272462888,0.1,-0.0,-0.0,1.5083682351415553,0.0,0.0,0.0,0.0,0.0,0.0,
4.51,13.418368422208111,15.178580800564916,0.1,-0.0,-0.0,1.5046893158442196,0.0,0.0,0.0,0.0,0.0,0.0,
4.515,13.422203321433756,15.233487192922134,0.1,-0.0,-0.0,1.5010652551975743,0.0,0.0,0.0,0.0,0.0,0.0,
4.5200000000000005,13.426238860889876,15.2884458867814,0.1,-0.0,-0.0,1.4974992801820328,0.0,0.0,0.0,0.0,0.0,0.0,
4.525,13.430472090846788,15.343456391052237,0.1,-0.0,-0.0,1.4939945688703922,0.0,0.0,0.0,0.0,0.0,0.0,
4.53,13.434899877138498,15.398518262038415,0.1,-0.0,-0.0,1.490554247592824,0.0,0.0,0.0,0.0,0.0,0.0,
4.535,13.439518903733855,15.45363110518163,0.1,-0.0,-0.0,1.487181388150917,0.0,0.0,0.0,0.0,0.0,0.0,
4.54,13.444325675475682,15.508794576636683,0.1,-0.0,-0.0,1.4838790050832793,0.0,0.0,0.0,0.0,0.0,0.0,
4.545,13.449316520982931,15.56400838467206,0.1,-0.0,-0.0,1.480650052985093,0.0,0.0,0.0,0.0,0.0,0.0,
4.55,13.454487595710724,15.619272290890487,0.1,-0.0,-0.0,1.4774974238839407,0.0,0.0,0.0,0.0,0.0,0.0,
4.555,13.459834885163046,15.674586111264677,0.1,-0.0,-0.0,1.474423944674113,0.0,0.0,0.0,0.0,0.0,0.0,
4.5600000000000005,13.46535420825282,15.729949716984168,0.1,-0.0,-0.0,1.4714323746115214,0.0,0.0,0.0,0.0,0.0,0.0,
4.565,13.471041220803986,15.785363035109722,0.1,-0.0,-0.0,1.4685254028712356,0.0,0.0,0.0,0.0,0.0,0.0,
4.57,13.476891419190235,15.840826049032673,0.1,-0.0,-0.0,1.4657056461695752,0.0,0.0,0.0,0.0,0.0,0.0,
4.575,13.482900144105038,15.896338798736927,0.1,-0.0,-0.0,1.4629756464525778,0.0,0.0,0.0,0.0,0.0,0.0,
4.58,13.489062584457642,15.9519013808624,0.1,-0.0,-0.0,1.4603378686525856,0.0,0.0,0.0,0.0,0.0,0.0,
4.585,13.49537378138975,16.007513948569116,0.1,-0.0,-0.0,1.4577946985145824,0.0,0.0,0.0,0.0,0.0,0.0,
4.59,13.501828632407726,16.063176711202004,0.1,-0.0,-0.0,1.4553484404938293,0.0,0.0,0.0,0.0,0.0,0.0,
4.595,13.508421895625192,16.118889933757107,0.1,-0.0,-0.0,1.453001315726251,0.0,0.0,0.0,0.0,0.0,0.0,
4.6000000000000005,13.51514819411109,16.174653936150577,0.1,-0.0,-0.0,1.450755460072939,0.0,0.0,0.0,0.0,0.0,0.0,
4.605,13.522002020338347,16.230469092292513,0.1,-0.0,-0.0,1.4486129222400488,0.0,0.0,0.0,0.0,0.0,0.0,
4.61,13.528977740728482,16.28633582896853,0.1,-0.0,-0.0,1.4465756619752828,0.0,0.0,0.0,0.0,0.0,0.0,
4.615,13.536069600287638,16.342254624532302,0.1,-0.0,-0.0,1.4446455483420721,0.0,0.0,0.0,0.0,0.0,0.0,
4.62,13.5432717273297,16.398226007413292,0.1,-0.0,-0.0,1.442824358072494,0.0,0.0,0.0,0.0,0.0,0.0,
4.625,13.550578138282376,16.45425055444431,0.1,-0.0,-0.0,1.4411137739998792,0.0,0.0,0.0,0.0,0.0,0.0,
4.63,13.557982742572266,16.510328889014282,0.1,-0.0,-0.0,1.4395153835720023,0.0,0.0,0.0,0.0,0.0,0.0,
4.635,13.565479347585182,16.566461679052118,0.1,-0.0,-0.0,1.4380306774456721,0.0,0.0,0.0,0.0,0.0,0.0,
4.64,13.573061663698166,16.622649634848234,0.1,-0.0,-0.0,1.4366610481634792,0.0,0.0,0.0,0.0,0.0,0.0,
4.6450000000000005,13.580723309379865,16.67889350672078,0.1,-0.0,-0.0,1.4354077889133945,0.0,0.0,0.0,0.0,0.0,0.0,
4.65,13.588457816356087,16.735194082534143,0.1,-0.0,-0.0,1.4342720923718604,0.0,0.0,0.0,0.0,0.0,0.0,
4.655,13.596258634837623,16.791552185077983,0.1,-0.0,-0.0,1.4332550496309548,0.0,0.0,0.0,0.0,0.0,0.0,
4.66,13.604119138807519,16.8479686693152,0.1,-0.0,-0.0,1.4323576492101635,0.0,0.0,0.0,0.0,0.0,0.0,
4.665,13.612032631365238,16.90444441950807,0.1,-0.0,-0.0,1.4315807761532497,0.0,0.0,0.0,0.0,0.0,0.0,
4.67,13.619992350125267,16.960980346231935,0.1,-0.0,-0.0,1.430925211210663,0.0,0.0,0.0,0.0,0.0,0.0,
4.675,13.627991472667901,17.017577383286362,0.1,-0.0,-0.0,1.4303916301078878,0.0,0.0,0.0,0.0,0.0,0.0,
4.68,13.636023122040067,17.07423648451404,0.1,-0.0,-0.0,1.4299806029001003,0.0,0.0,0.0,0.0,0.0,0.0,
4.6850000000000005,13.64408037230417,17.130958620537964,0.1,-0.0,-0.0,1.429692593413457,0.0,0.0,0.0,0.0,0.0,0.0,
4.69,13.652156254133043,17.18774477542781,0.1,-0.0,-0.0,1.4295279587733138,0.0,0.0,0.0,0.0,0.0,0.0,
4.695,13.66024376044918,17.244595943306717,0.1,-0.0,-0.0,1.429486949019636,0.0,0.0,0.0,0.0,0.0,0.0,
4.7,13.668335852106473,17.301513124909768,0.1,-0.0,-0.0,1.4295697068098334,0.0,0.0,0.0,0.0,0.0,0.0,
4.705,13.67642546361273,17.35849732410586,0.1,-0.0,-0.0,1.4297762672092256,0.0,0.0,0.0,0.0,0.0,0.0,
4.71,13.68450550889126,17.41554954439466,0.1,-0.0,-0.0,1.4301065575693124,0.0,0.0,0.0,0.0,0.0,0.0,
4.715,13.6925688870798,17.47267078539062,0.1,-0.0,-0.0,1.4305603974939993,0.0,0.0,0.0,0.0,0.0,0.0,
4.72,13.700608488365052,17.529862039305925,0.1,-0.0,-0.0,1.431137498893901,0.0,0.0,0.0,0.0,0.0,0.0,
4.7250000000000005,13.708617199851012,17.58712428744457,0.1,-0.0,-0.0,1.4318374661288156,0.0,0.0,0.0,0.0,0.0,0.0,
4.73,13.716587911459204,17.644458496719427,0.1,-0.0,-0.0,1.4326597962384404,0.0,0.0,0.0,0.0,0.0,0.0,
4.735,13.724513521858857,17.701865616204604,0.1,-0.0,-0.0,1.4336038792613648,0.0,0.0,0.0,0.0,0.0,0.0,
4.74,13.732386944424894,17.75934657373485,0.1,-0.0,-0.0,1.4346689986423518,0.0,0.0,0.0,0.0,0.0,0.0,
4.745,13.740201113221481,17.816902272564036,0.1,-0.0,-0.0,1.4358543317278851,0.0,0.0,0.0,0.0,0.0,0.0,
4.75,13.74794898900871,17.874533588094447,0.1,-0.0,-0.0,1.4371589503499265,0.0,0.0,0.0,0.0,0.0,0.0,
4.755,13.75562356526978,17.932241364688473,0.1,-0.0,-0.0,1.438581821497793,0.0,0.0,0.0,0.0,0.0,0.0,
4.76,13.763217874255847,17.99002641257409,0.1,-0.0,-0.0,1.4401218080780265,0.0,0.0,0.0,0.0,0.0,0.0,
4.765,13.770724993045494,18.04788950485528,0.1,-0.0,-0.0,1.441777669762084,0.0,0.0,0.0,0.0,0.0,0.0,
4.7700000000000005,13.778138049615468,18.105831374638264,0.1,-0.0,-0.0,1.4435480639216394,0.0,0.0,0.0,0.0,0.0,0.0,
4.775,13.785450228919142,18.163852712283965,0.1,-0.0,-0.0,1.4454315466512322,0.0,0.0,0.0,0.0,0.0,0.0,
4.78,13.792654778968851,18.221954162797125,0.1,-0.0,-0.0,1.4474265738779573,0.0,0.0,0.0,0.0,0.0,0.0,
4.785,13.799745016917917,18.28013632336157,0.1,-0.0,-0.0,1.449531502557829,0.0,0.0,0.0,0.0,0.0,0.0,
4.79,13.806714335137997,18.338399741031164,0.1,-0.0,-0.0,1.4517445919583951,0.0,0.0,0.0,0.0,0.0,0.0,
4.795,13.81355620728696,18.396744910585255,0.1,-0.0,-0.0,1.4540640050271196,0.0,0.0,0.0,0.0,0.0,0.0,
4.8,13.820264194362272,18.45517227255702,0.1,-0.0,-0.0,1.45648780984498,0.0,0.0,0.0,0.0,0.0,0.0,
4.805,13.826831950734556,18.513682211442532,0.1,-0.0,-0.0,1.4590139811646616,0.0,0.0,0.0,0.0,0.0,0.0,
4.8100000000000005,13.83325323015563,18.572275054097837,0.1,-0.0,-0.0,1.4616404020326517,0.0,0.0,0.0,0.0,0.0,0.0,
4.815,13.839521891735096,18.630951068330678,0.1,-0.0,-0.0,1.4643648654944608,0.0,0.0,0.0,0.0,0.0,0.0,
4.82,13.84563190587921,18.68971046169304,0.1,-0.0,-0.0,1.4671850763821168,0.0,0.0,0.0,0.0,0.0,0.0,
4.825,13.851577360185509,18.748553380479713,0.1,-0.0,-0.0,1.4700986531829932,0.0,0.0,0.0,0.0,0.0,0.0,
4.83,13.857352465286333,18.807479908937747,0.1,-0.0,-0.0,1.4731031299889348,0.0,0.0,0.0,0.0,0.0,0.0,
4.835,13.862951560634224,18.866490068690723,0.1,-0.0,-0.0,1.476195958524565,0.0,0.0,0.0,0.0,0.0,0.0,
4.84,13.868369120221837,18.925583818381128,0.1,-0.0,-0.0,1.4793745102535487,0.0,0.0,0.0,0.0,0.0,0.0,
4.845,13.873599758228828,18.984761053533372,0.1,-0.0,-0.0,1.4826360785614967,0.0,0.0,0.0,0.0,0.0,0.0,
4.8500000000000005,13.87863823458799,19.04402160663921,0.1,-0.0,-0.0,1.4859778810140876,0.0,0.0,0.0,0.0,0.0,0.0,
4.855,13.883479460462699,19.103365247466467,0.1,-0.0,-0.0,1.4893970616888839,0.0,0.0,0.0,0.0,0.0,0.0,
4.86,13.888118503627593,19.162791683591443,0.1,-0.0,-0.0,1.4928906935792077,0.0,0.0,0.0,0.0,0.0,0.0,
4.865,13.892550593744314,19.222300561154125,0.1,-0.0,-0.0,1.496455781068345,0.0,0.0,0.0,0.0,0.0,0.0,
4.87,13.896771127524,19.28189146583499,0.1,-0.0,-0.0,1.5000892624722193,0.0,0.0,0.0,0.0,0.0,0.0,
4.875,13.9007756737682,19.341563924051048,0.1,-0.0,-0.0,1.503788012648585,0.0,0.0,0.0,0.0,0.0,0.0,
4.88,13.904559978279842,19.401317404368122,0.1,-0.0,-0.0,1.5075488456706696,0.0,0.0,0.0,0.0,0.0,0.0,
4.885,13.908119968635887,19.461151319125474,0.1,-0.0,-0.0,1.5113685175630878,0.0,0.0,0.0,0.0,0.0,0.0,
4.89,13.91145175881337,19.521065026268136,0.1,-0.0,-0.0,1.5152437290977416,0.0,0.0,0.0,0.0,0.0,0.0,
4.8950000000000005,13.914551653660578,19.581057831381486,0.1,-0.0,-0.0,1.5191711286473115,0.0,0.0,0.0,0.0,0.0,0.0,
4.9,13.917416153205258,19.641128989921775,0.1,-0.0,-0.0,1.5231473150938393,0.0,0.0,0.0,0.0,0.0,0.0,
4.905,13.920041956791916,19.701277709635765,0.1,-0.0,-0.0,1.5271688407897963,0.0,0.0,0.0,0.0,0.0,0.0,
4.91,13.922425967040414,19.761503153161513,0.1,-0.0,-0.0,1.5312322145689419,0.0,0.0,0.0,0.0,0.0,0.0,
4.915,13.924565293618347,19.821804440802005,0.1,-0.0,-0.0,1.5353339048041548,0.0,0.0,0.0,0.0,0.0,0.0,
4.92,13.926457256819926,19.88218065346242,0.1,-0.0,-0.0,1.539470342509356,0.0,0.0,0.0,0.0,0.0,0.0,
4.925,13.92809939094441,19.942630835741213,0.1,-0.0,-0.0,1.54363792448253,0.0,0.0,0.0,0.0,0.0,0.0,
4.93,13.929489447467432,20.00315399916456,0.1,-0.0,-0.0,1.5478330164867773,0.0,0.0,0.0,0.0,0.0,0.0,
4.9350000000000005,13.930625397998964,20.063749125553137,0.1,-0.0,-0.0,1.5520519564662494,0.0,0.0,0.0,0.0,0.0,0.0,
4.94,13.931505437022059,20.12441517050959,0.1,-0.0,-0.0,1.5562910577937448,0.0,0.0,0.0,0.0,0.0,0.0,
4.945,13.932127984406911,20.1851510670147,0.1,-0.0,-0.0,1.5605466125466692,0.0,0.0,0.0,0.0,0.0,0.0,
4.95,13.932491687695254,20.245955729119505,0.1,-0.0,-0.0,1.564814894808023,0.0,0.0,0.0,0.0,0.0,0.0,
4.955,13.932595424150579,20.306828055720487,0.1,-0.0,-0.0,1.5690921639889939,0.0,0.0,0.0,0.0,0.0,0.0,
4.96,13.93243830257016,20.367766934404433,0.1,-0.0,-0.0,1.5733746681697134,0.0,0.0,0.0,0.0,0.0,0.0,
4.965,13.932019664855389,20.42877124534925,0.1,-0.0,-0.0,1.5776586474546812,0.0,0.0,0.0,0.0,0.0,0.0,
4.97,13.931339087337452,20.489839865266806,0.1,-0.0,-0.0,1.5819403373393324,0.0,0.0,0.0,0.0,0.0,0.0,
4.9750000000000005,13.930396381855939,20.550971671373592,0.1,-0.0,-0.0,1.5862159720841997,0.0,0.0,0.0,0.0,0.0,0.0,
4.98,13.929191596588499,20.612165545374843,0.1,-0.0,-0.0,1.5904817880931055,0.0,0.0,0.0,0.0,0.0,0.0,
4.985,13.927725016630271,20.673420377447822,0.1,-0.0,-0.0,1.5947340272918051,0.0,0.0,0.0,0.0,0.0,0.0,
4.99,13.925997164322325,20.73473507020956,0.1,-0.0,-0.0,1.5989689405035192,0.0,0.0,0.0,0.0,0.0,0.0,
4.995,13.924008799328956,20.79610854265475,0.1,-0.0,-0.0,1.6031827908177712,0.0,0.0,0.0,0.0,0.0,0.0,
